alert_id,market_id,detected_at,window_start,price,median_price,transaction_count,corroborating_transactions,shares,tier,baseline_note,causal_attribution,config_fingerprint,horizons_seconds
7db1dd284c35338c8114,2446852,2026-06-18T16:24:30+00:00,2026-06-18T16:23:30+00:00,0.6099999999999999,0.61,3,3,7.77,supported_change,insufficient_history_size_only,not_established,3321e417ce63,30
bfb5ddf3ebccb6f2ee9b,2446852,2026-06-20T02:45:00+00:00,2026-06-20T02:44:00+00:00,0.65,0.65,2,2,39.599999999999994,supported_change,insufficient_history_size_only,not_established,3321e417ce63,30
f087fbb4beb1a5d4a9dd,2446852,2026-06-20T02:50:00+00:00,2026-06-20T02:48:30+00:00,0.6599999999999999,0.6599999999999999,2,2,21.6,supported_change,insufficient_history_size_only,not_established,3321e417ce63,60
e89f722ed6457c2e63f1,2446852,2026-06-20T06:48:30+00:00,2026-06-20T06:47:00+00:00,0.6401166238387035,0.64,49,20,101.17999999999999,supported_change,insufficient_history_size_only,not_established,3321e417ce63,"30,60"
5cc9701e7ea05255f245,2446852,2026-06-25T16:51:30+00:00,2026-06-25T16:50:30+00:00,0.68,0.6799999999999999,3,3,50.61,supported_change,insufficient_history_size_only,not_established,3321e417ce63,30
9fe52d77fa7c484d5a87,2446852,2026-07-03T00:18:00+00:00,2026-07-03T00:14:30+00:00,0.6917577274065351,0.69,4,2,339.70000000000005,supported_change,insufficient_history_size_only,not_established,3321e417ce63,"30,60,180"
81e18aad9edf1e5d75d9,2446852,2026-07-03T00:18:30+00:00,2026-07-03T00:17:00+00:00,0.7100264425347058,0.71,5,3,317.66999999999996,supported_change,insufficient_history_size_only,not_established,3321e417ce63,"30,60"
f8000d95a87860a4afd6,2446852,2026-07-03T00:19:00+00:00,2026-07-03T00:17:30+00:00,0.7178203571609246,0.72,5,4,395.34,supported_change,insufficient_history_size_only,not_established,3321e417ce63,"30,60"
927490b101f95907f3a1,2446852,2026-07-03T00:19:30+00:00,2026-07-03T00:18:00+00:00,0.7192468071171269,0.72,4,3,91.61,supported_change,insufficient_history_size_only,not_established,3321e417ce63,60
e45006c478b6b3d24034,2446852,2026-07-03T00:20:00+00:00,2026-07-03T00:14:30+00:00,0.7061319168531865,0.71,3,2,933.77,supported_change,insufficient_history_size_only,not_established,3321e417ce63,"30,60,180,300"
59da70656f039065f94c,2446852,2026-07-03T00:21:00+00:00,2026-07-03T00:19:30+00:00,0.7,0.7,2,2,268.1,supported_change,insufficient_history_size_only,not_established,3321e417ce63,60
468c51a0f9d17af3dcff,2446852,2026-07-03T00:22:30+00:00,2026-07-03T00:17:00+00:00,0.71,0.71,4,4,168.49,supported_change,insufficient_history_size_only,not_established,3321e417ce63,300
67e31b61a2c3f2615080,2446852,2026-07-03T00:23:30+00:00,2026-07-03T00:22:00+00:00,0.6928175109084054,0.69,3,2,556.91,supported_change,insufficient_history_size_only,not_established,3321e417ce63,60
612d8da52a7c3a2eb170,2446852,2026-07-03T00:24:30+00:00,2026-07-03T00:23:00+00:00,0.7090876907898555,0.71,4,2,172.31,supported_change,insufficient_history_size_only,not_established,3321e417ce63,60
6b3880da067df06f5590,2446852,2026-07-03T00:26:00+00:00,2026-07-03T00:20:30+00:00,0.6656866647711117,0.67,2,2,35.17,supported_change,insufficient_history_size_only,not_established,3321e417ce63,300
c571fc0db3247bd3ee68,2446852,2026-07-03T00:41:30+00:00,2026-07-03T00:40:30+00:00,0.664444691371743,0.66,10,9,899.9499999999999,supported_change,insufficient_history_size_only,not_established,3321e417ce63,30
c11dc1efcb1c19995012,2446852,2026-07-03T00:42:00+00:00,2026-07-03T00:40:30+00:00,0.58078085577246,0.57,7,2,1161.29,supported_change,insufficient_history_size_only,not_established,3321e417ce63,"30,60"
361686997c7ed18b001b,2446852,2026-07-03T00:42:30+00:00,2026-07-03T00:41:00+00:00,0.6143073341094296,0.6,4,2,154.62,supported_change,insufficient_history_size_only,not_established,3321e417ce63,"30,60"
cba59236f3fad2758420,2446852,2026-07-03T00:43:00+00:00,2026-07-03T00:41:30+00:00,0.6015715045017475,0.58,9,4,620.87,supported_change,insufficient_history_size_only,not_established,3321e417ce63,"30,60"
35583a7c679a57471489,2446852,2026-07-03T00:43:30+00:00,2026-07-03T00:42:00+00:00,0.6340670062832962,0.64,5,2,857.83,supported_change,insufficient_history_size_only,not_established,3321e417ce63,"30,60"
cd4d94f3505a8cfe955a,2446852,2026-07-03T00:45:00+00:00,2026-07-03T00:41:30+00:00,0.6085772913816689,0.61,4,3,219.3,supported_change,insufficient_history_size_only,not_established,3321e417ce63,180
850ea61048efee489532,2446852,2026-07-03T00:48:00+00:00,2026-07-03T00:42:30+00:00,0.6454639175257733,0.65,2,2,38.8,supported_change,insufficient_history_size_only,not_established,3321e417ce63,"180,300"
4021424519bf3efc13e4,2446852,2026-07-03T00:57:00+00:00,2026-07-03T00:41:30+00:00,0.6830350859555644,0.69,6,4,99.47,supported_change,insufficient_history_size_only,not_established,3321e417ce63,900
5e9f4795f17d8254757b,2446852,2026-07-03T00:58:00+00:00,2026-07-03T00:42:30+00:00,0.687366341848828,0.69,2,2,37.97,supported_change,insufficient_history_size_only,not_established,3321e417ce63,900
715d1f558489d97b14c0,2446852,2026-07-03T01:14:30+00:00,2026-07-03T01:13:30+00:00,0.8187229363325969,0.81,47,12,4979.000000000001,supported_change,insufficient_history_size_only,not_established,3321e417ce63,30
af55d8d2a68c7ecbc53e,2446852,2026-07-03T01:15:00+00:00,2026-07-03T01:13:30+00:00,0.8271759021506321,0.84,18,2,3193.4799999999996,supported_change,insufficient_history_size_only,not_established,3321e417ce63,"30,60"
ff43434d523cafd1c17d,2446852,2026-07-03T01:15:30+00:00,2026-07-03T01:10:00+00:00,0.8460519989981428,0.85,90,8,6148.58,supported_change,insufficient_history_size_only,not_established,3321e417ce63,"30,60,300"
5c02fcbb9209714c5882,2446852,2026-07-03T01:16:00+00:00,2026-07-03T01:14:30+00:00,0.8507660046524,0.85,25,8,1766.8300000000002,supported_change,insufficient_history_size_only,not_established,3321e417ce63,60
a24b234a122b27e6d435,2446852,2026-07-03T01:17:00+00:00,2026-07-03T01:13:30+00:00,0.7967561915244908,0.79,8,3,545.1,supported_change,insufficient_history_size_only,not_established,3321e417ce63,"60,180"
94122f81787abed3fc45,2446852,2026-07-03T01:17:30+00:00,2026-07-03T01:14:00+00:00,0.7839301588458175,0.78,8,2,1097.92,supported_change,insufficient_history_size_only,not_established,3321e417ce63,"30,180"
7a9c65a2b403ec7dfe97,2446852,2026-07-03T01:18:00+00:00,2026-07-03T01:14:30+00:00,0.7303885504080928,0.73,6,5,173.98000000000002,supported_change,insufficient_history_size_only,not_established,3321e417ce63,"30,60,180"
2c25cedb36957b65c86e,2446852,2026-07-03T01:20:00+00:00,2026-07-03T01:14:30+00:00,0.7340323446917707,0.73,3,2,335.14,supported_change,insufficient_history_size_only,not_established,3321e417ce63,"180,300"
0a33f7337c3296f87f36,2446852,2026-07-03T01:20:30+00:00,2026-07-03T01:15:00+00:00,0.7400000000000001,0.74,4,4,378.18999999999994,supported_change,insufficient_history_size_only,not_established,3321e417ce63,"30,180,300"
11671823a77d6a94623f,2446852,2026-07-03T01:21:00+00:00,2026-07-03T01:15:30+00:00,0.7378693149757364,0.74,8,6,177.22,supported_change,insufficient_history_size_only,not_established,3321e417ce63,"60,300"
509b7a5579321b557d4b,2446852,2026-07-03T01:21:30+00:00,2026-07-03T01:20:00+00:00,0.7365065171133452,0.73,427,19,1160.79,supported_change,insufficient_history_size_only,not_established,3321e417ce63,"30,60"
f054bac9e02516672279,2446852,2026-07-03T01:22:00+00:00,2026-07-03T01:16:30+00:00,0.7575559227563072,0.75,113,8,810.9399999999999,supported_change,insufficient_history_size_only,not_established,3321e417ce63,"30,60,300"
04cb7373ed52a654f8e8,2446852,2026-07-03T01:22:30+00:00,2026-07-03T01:07:00+00:00,0.7445890568057291,0.74,61,2,392.39,supported_change,insufficient_history_size_only,not_established,3321e417ce63,"30,60,300,900"
b77a3ab86f4a7eb7bf96,2446852,2026-07-03T01:23:00+00:00,2026-07-03T01:19:30+00:00,0.7400079744816586,0.74,19,15,175.56000000000003,supported_change,insufficient_history_size_only,not_established,3321e417ce63,"60,180"
74beafdaa924657c2647,2446852,2026-07-03T01:25:30+00:00,2026-07-03T01:10:00+00:00,0.779153909659158,0.78,7,4,423.95,supported_change,insufficient_history_size_only,not_established,3321e417ce63,"60,180,300,900"
c344042279b0927bc157,2446852,2026-07-03T01:26:00+00:00,2026-07-03T01:22:30+00:00,0.760909090909091,0.76,5,4,220.0,supported_change,insufficient_history_size_only,not_established,3321e417ce63,"30,180"
2e5d2a15dc69518e67d5,2446852,2026-07-03T01:31:00+00:00,2026-07-03T01:15:30+00:00,0.7447068995331143,0.74,5,3,115.66,supported_change,insufficient_history_size_only,not_established,3321e417ce63,900
cfa7f426c4d83ea2ca80,2446852,2026-07-03T01:31:30+00:00,2026-07-03T01:30:30+00:00,0.75,0.75,3,3,66.66,supported_change,insufficient_history_size_only,not_established,3321e417ce63,30
94035eea80ed5b8283dd,2446852,2026-07-03T01:32:00+00:00,2026-07-03T01:16:30+00:00,0.74,0.74,6,6,405.0,supported_change,insufficient_history_size_only,not_established,3321e417ce63,"30,900"
c6463696aa74ff225c53,2446852,2026-07-03T01:32:30+00:00,2026-07-03T01:31:00+00:00,0.7595238095238094,0.76,4,4,210.00000000000003,supported_change,insufficient_history_size_only,not_established,3321e417ce63,"30,60"
d09f60e3eecdba75f64d,2446852,2026-07-03T01:35:00+00:00,2026-07-03T01:19:30+00:00,0.7694444444444445,0.77,2,2,180.0,supported_change,insufficient_history_size_only,not_established,3321e417ce63,"180,900"
5e65e4051a7e733b44e1,2446852,2026-07-03T01:37:00+00:00,2026-07-03T01:31:30+00:00,0.7789413559305722,0.78,3,3,2078.13,supported_change,insufficient_history_size_only,not_established,3321e417ce63,300
1ee06437a10435ecdb3b,2446852,2026-07-03T01:38:00+00:00,2026-07-03T01:22:30+00:00,0.79,0.79,4,4,208.87,supported_change,insufficient_history_size_only,not_established,3321e417ce63,"60,180,900"
685b36d71fe89cf5471a,2446852,2026-07-03T01:41:30+00:00,2026-07-03T01:40:00+00:00,0.78,0.78,3,3,320.43,supported_change,past_only_reference,not_established,3321e417ce63,60
4fb6d5d774170aaaff60,2446852,2026-07-03T02:20:30+00:00,2026-07-03T02:19:00+00:00,0.7566666666666666,0.76,3,2,30.0,supported_change,past_only_reference,not_established,3321e417ce63,60
7d83a82b45fe0749d12c,2446852,2026-07-03T02:45:30+00:00,2026-07-03T02:44:00+00:00,0.77,0.77,3,3,134.64000000000001,supported_change,past_only_reference,not_established,3321e417ce63,60
f3e840e8ab03c4ef5df9,2446852,2026-07-06T11:48:00+00:00,2026-07-06T11:46:30+00:00,0.6799999999999999,0.68,2,2,69.96000000000001,supported_change,insufficient_history_size_only,not_established,3321e417ce63,60
b4acfb2ef607cad5b0d7,2446852,2026-07-06T18:25:00+00:00,2026-07-06T18:23:30+00:00,0.6799999999999998,0.68,12,12,1713.2000000000003,supported_change,insufficient_history_size_only,not_established,3321e417ce63,60
b9befb80d0c6146138ef,2446852,2026-07-06T18:46:30+00:00,2026-07-06T18:45:00+00:00,0.6723740339407146,0.6699999999999999,3,2,495.57000000000005,supported_change,insufficient_history_size_only,not_established,3321e417ce63,60
2672f5cba118c7986963,2446852,2026-07-06T18:58:30+00:00,2026-07-06T18:57:00+00:00,0.6706458821025749,0.6699999999999999,4,2,93.98,supported_change,insufficient_history_size_only,not_established,3321e417ce63,60
42976526900aa84429d3,2446852,2026-07-06T19:04:30+00:00,2026-07-06T19:03:30+00:00,0.6010618401645003,0.61,7,2,1376.29,supported_change,insufficient_history_size_only,not_established,3321e417ce63,30
4730c51679491970d551,2446852,2026-07-06T19:05:00+00:00,2026-07-06T19:03:30+00:00,0.586793002915452,0.58,3,2,82.32,supported_change,insufficient_history_size_only,not_established,3321e417ce63,"30,60"
1bc5f300284fbe113f41,2446852,2026-07-06T19:09:00+00:00,2026-07-06T18:53:30+00:00,0.64,0.64,3,3,32.28,supported_change,insufficient_history_size_only,not_established,3321e417ce63,900
3ab65926b158dd09757e,2446852,2026-07-06T19:17:30+00:00,2026-07-06T19:16:00+00:00,0.6199999999999999,0.62,2,2,883.56,supported_change,insufficient_history_size_only,not_established,3321e417ce63,60
8eaada084825c2eef0d5,2446852,2026-07-06T19:19:00+00:00,2026-07-06T19:03:30+00:00,0.6699999999999999,0.6699999999999999,2,2,29.16,supported_change,insufficient_history_size_only,not_established,3321e417ce63,900
45279f0be9393983c88b,2446852,2026-07-06T19:40:30+00:00,2026-07-06T19:39:00+00:00,0.643270372369131,0.64,3,2,18.53,supported_change,insufficient_history_size_only,not_established,3321e417ce63,60
6f8b925d5e6bf8f258bd,2446852,2026-07-06T19:42:30+00:00,2026-07-06T19:39:00+00:00,0.64,0.64,2,2,18.56,supported_change,insufficient_history_size_only,not_established,3321e417ce63,180
7da82e6ea292e1dd02be,2446852,2026-07-06T20:44:00+00:00,2026-07-06T20:42:30+00:00,0.65,0.65,2,2,58.46,supported_change,insufficient_history_size_only,not_established,3321e417ce63,60
f6ba48a79589ff7002f3,2446852,2026-07-06T20:54:00+00:00,2026-07-06T20:53:00+00:00,0.7238958414504273,0.73,18,3,1924.9499999999998,supported_change,insufficient_history_size_only,not_established,3321e417ce63,30
c6ffbeba371195ad1814,2446852,2026-07-06T20:54:30+00:00,2026-07-06T20:53:00+00:00,0.7314149963794259,0.73,50,15,7636.909999999999,supported_change,insufficient_history_size_only,not_established,3321e417ce63,60
c6d7b621eef5c123ba5d,2446852,2026-07-06T20:55:00+00:00,2026-07-06T20:53:30+00:00,0.6850255802563345,0.68,43,15,5451.47,supported_change,insufficient_history_size_only,not_established,3321e417ce63,"30,60"
c15cc0b0168a830ade73,2446852,2026-07-06T20:55:30+00:00,2026-07-06T20:54:00+00:00,0.6636766182850021,0.66,41,9,6611.32,supported_change,insufficient_history_size_only,not_established,3321e417ce63,"30,60"
2fb4731c8791fe883cd9,2446852,2026-07-06T20:56:00+00:00,2026-07-06T20:54:30+00:00,0.6573469497833474,0.65,25,7,5005.71,supported_change,insufficient_history_size_only,not_established,3321e417ce63,"30,60"
3215d74de7d03a652cfc,2446852,2026-07-06T20:56:30+00:00,2026-07-06T20:53:00+00:00,0.6399373180018118,0.64,24,3,2881.21,supported_change,insufficient_history_size_only,not_established,3321e417ce63,"30,60,180"
b7d6c39a7858a387b071,2446852,2026-07-06T20:57:00+00:00,2026-07-06T20:53:30+00:00,0.6299903526583224,0.63,32,4,1979.8200000000002,supported_change,insufficient_history_size_only,not_established,3321e417ce63,"30,60,180"
65062ecc32210476a974,2446852,2026-07-06T20:57:30+00:00,2026-07-06T20:54:00+00:00,0.6289896569675908,0.62,29,6,3188.6200000000003,supported_change,insufficient_history_size_only,not_established,3321e417ce63,"30,60,180"
6d44cb60cf3cb6ce9209,2446852,2026-07-06T20:58:00+00:00,2026-07-06T20:42:30+00:00,0.5921257809211256,0.58,20,3,4774.8099999999995,supported_change,insufficient_history_size_only,not_established,3321e417ce63,"30,60,180,900"
476df36b4df3ea6c8868,2446852,2026-07-06T20:58:30+00:00,2026-07-06T20:53:00+00:00,0.5669160941992405,0.57,28,9,2278.1500000000005,supported_change,insufficient_history_size_only,not_established,3321e417ce63,"30,60,180,300"
84abb5b33adfb32053dc,2446852,2026-07-06T20:59:30+00:00,2026-07-06T20:54:00+00:00,0.550901835501042,0.57,55,8,8532.82,supported_change,insufficient_history_size_only,not_established,3321e417ce63,"180,300"
e1a59102fac09ec58e00,2446852,2026-07-06T21:00:00+00:00,2026-07-06T20:54:30+00:00,0.5495651934107959,0.55,42,9,1631.7599999999998,supported_change,insufficient_history_size_only,not_established,3321e417ce63,"30,180,300"
2bd38b8e9535011b5bb3,2446852,2026-07-06T21:00:30+00:00,2026-07-06T20:55:00+00:00,0.5393488343547526,0.53,53,18,4562.28,supported_change,insufficient_history_size_only,not_established,3321e417ce63,"30,60,180,300"
d9333c310de32a66a93f,2446852,2026-07-06T21:01:00+00:00,2026-07-06T20:55:30+00:00,0.5316206246848713,0.53,54,34,3768.2999999999997,supported_change,insufficient_history_size_only,not_established,3321e417ce63,"60,180,300"
95fe26c0b03638c74543,2446852,2026-07-06T21:02:00+00:00,2026-07-06T20:56:30+00:00,0.43913064167323274,0.43,50,5,7754.57,supported_change,insufficient_history_size_only,not_established,3321e417ce63,"60,300"
046f10f81451aabc97c4,2446852,2026-07-06T21:02:30+00:00,2026-07-06T20:57:00+00:00,0.2780148179348288,0.27,83,29,7644.790000000001,supported_change,insufficient_history_size_only,not_established,3321e417ce63,"30,180,300"
e072dc429b8ec6d9f3a3,2446852,2026-07-06T21:03:00+00:00,2026-07-06T20:57:30+00:00,0.2798327022437457,0.27,65,11,6636.670000000001,supported_change,insufficient_history_size_only,not_established,3321e417ce63,"60,180,300"
8cd6235e1aee655538fd,2446852,2026-07-06T21:03:30+00:00,2026-07-06T20:58:00+00:00,0.23818936250471517,0.24,100,14,10524.470000000001,supported_change,insufficient_history_size_only,not_established,3321e417ce63,"30,60,180,300"
2687042125c6cd5bcfc7,2446852,2026-07-06T21:04:00+00:00,2026-07-06T21:00:30+00:00,0.22830630418619244,0.22,79,33,17592.12,supported_change,insufficient_history_size_only,not_established,3321e417ce63,"30,60,180"
2d92bdf0acb3a6977011,2446852,2026-07-06T21:04:30+00:00,2026-07-06T20:59:00+00:00,0.1924248533149258,0.19999999999999996,125,55,21672.28,supported_change,insufficient_history_size_only,not_established,3321e417ce63,"30,60,300"
37c2a88fb86f85abda3a,2446852,2026-07-06T21:05:00+00:00,2026-07-06T20:59:30+00:00,0.20860608782604273,0.2,42,11,2360.12,supported_change,insufficient_history_size_only,not_established,3321e417ce63,"60,180,300"
0a834353b974562bc15a,2446852,2026-07-06T21:05:30+00:00,2026-07-06T21:00:00+00:00,0.3341388623079409,0.30000000000000004,103,3,12937.419999999998,supported_change,past_only_reference,not_established,3321e417ce63,"30,60,180,300"
7bbab5a1c0f750f4b607,2446852,2026-07-06T21:06:00+00:00,2026-07-06T21:00:30+00:00,0.9135399171429417,0.95,232,17,55353.16,unusual_change,past_only_reference,not_established,3321e417ce63,"30,60,180,300"
7b9c2bfbfd2c7599d8a2,2446852,2026-07-06T21:06:30+00:00,2026-07-06T21:03:00+00:00,0.7764801416986854,0.75,139,11,40028.6,unusual_change,past_only_reference,not_established,3321e417ce63,"30,60,180"
e49ef2690b7c383e7ca7,2446852,2026-07-06T21:07:00+00:00,2026-07-06T21:01:30+00:00,0.7153228459300168,0.72,146,26,16300.189999999999,unusual_change,past_only_reference,not_established,3321e417ce63,"30,60,180,300"
b93ddde8a8e4691635b7,2446852,2026-07-06T21:07:30+00:00,2026-07-06T21:02:00+00:00,0.7028922304015629,0.71,137,35,24650.18,supported_change,past_only_reference,not_established,3321e417ce63,"30,60,180,300"
fd01ed1dcb629a37d723,2446852,2026-07-06T21:08:00+00:00,2026-07-06T21:02:30+00:00,0.5726166671612145,0.57,131,26,32689.79,unusual_change,past_only_reference,not_established,3321e417ce63,"30,60,180,300"
634725b209736b9f4240,2446852,2026-07-06T21:08:30+00:00,2026-07-06T20:53:00+00:00,0.5363707707707708,0.53,140,17,23476.5,unusual_change,past_only_reference,not_established,3321e417ce63,"30,60,180,300,900"
8de63db13aa98c602eb0,2446852,2026-07-06T21:09:00+00:00,2026-07-06T20:53:30+00:00,0.3883722265154177,0.38,93,12,7400.6,unusual_change,past_only_reference,not_established,3321e417ce63,"30,60,180,300,900"
2be346b34fd7fd0cdcf5,2446852,2026-07-06T21:09:30+00:00,2026-07-06T20:54:00+00:00,0.22100237891103827,0.21999999999999997,135,22,20084.82,unusual_change,past_only_reference,not_established,3321e417ce63,"30,60,180,300,900"
307b0eb083827953dc0d,2446852,2026-07-06T21:10:00+00:00,2026-07-06T20:54:30+00:00,0.2577228307666494,0.23,67,10,8582.41,unusual_change,past_only_reference,not_established,3321e417ce63,"30,60,180,300,900"
fb6c9a6d5983fc7ecbd5,2446852,2026-07-06T21:10:30+00:00,2026-07-06T20:55:00+00:00,0.3409228260835744,0.33,88,20,9641.47,supported_change,past_only_reference,not_established,3321e417ce63,"30,60,180,300,900"
6ad77045320d51a1ef4d,2446852,2026-07-06T21:11:00+00:00,2026-07-06T20:55:30+00:00,0.34264595823592786,0.34,63,18,15994.13,supported_change,past_only_reference,not_established,3321e417ce63,"30,60,180,300,900"
2221e0f2ecc081c95f35,2446852,2026-07-06T21:11:30+00:00,2026-07-06T20:56:00+00:00,0.3499051124183622,0.35,52,6,7001.970000000001,supported_change,past_only_reference,not_established,3321e417ce63,"30,60,180,300,900"
61428bcb9258c6e750a0,2446852,2026-07-06T21:12:00+00:00,2026-07-06T20:56:30+00:00,0.3883338106291913,0.37,62,6,11558.17,supported_change,past_only_reference,not_established,3321e417ce63,"30,60,180,300,900"
bd294dc7a0f39ec95055,2446852,2026-07-06T21:12:30+00:00,2026-07-06T20:57:00+00:00,0.5087280903044095,0.49,107,11,25449.920000000002,unusual_change,past_only_reference,not_established,3321e417ce63,"30,60,180,300,900"
3f0577d24a101c73d6dd,2446852,2026-07-06T21:13:00+00:00,2026-07-06T20:57:30+00:00,0.46244940231909154,0.45,50,12,6700.9,supported_change,past_only_reference,not_established,3321e417ce63,"30,60,180,300,900"
151d57fc9e2ded9f9917,2446852,2026-07-06T21:13:30+00:00,2026-07-06T20:58:00+00:00,0.36148451632967965,0.33999999999999997,62,23,9999.89,unusual_change,past_only_reference,not_established,3321e417ce63,"30,60,180,300,900"
9b4a42d5b2c5d324aefc,2446852,2026-07-06T21:14:00+00:00,2026-07-06T21:08:30+00:00,0.38033869571389994,0.38,64,18,3592.31,supported_change,past_only_reference,not_established,3321e417ce63,"30,60,180,300"
020a068680cb1a76aae5,2446852,2026-07-06T21:14:30+00:00,2026-07-06T20:59:00+00:00,0.36055015405413904,0.36,35,10,2544.5600000000004,supported_change,past_only_reference,not_established,3321e417ce63,"30,60,180,300,900"
91306f44748894c8d0f0,2446852,2026-07-06T21:15:00+00:00,2026-07-06T20:59:30+00:00,0.3564694157738241,0.35,50,24,6722.910000000001,supported_change,past_only_reference,not_established,3321e417ce63,"30,60,180,300,900"
3c88c7e9a552c7bfa874,2446852,2026-07-06T21:15:30+00:00,2026-07-06T21:00:00+00:00,0.3213220060203807,0.33,50,5,5690.67,supported_change,past_only_reference,not_established,3321e417ce63,"30,60,180,300,900"
023fa1ce2edbb602cdbf,2446852,2026-07-06T21:16:00+00:00,2026-07-06T21:00:30+00:00,0.26613883729795046,0.25,53,23,9863.92,supported_change,past_only_reference,not_established,3321e417ce63,"30,60,180,300,900"
ca2dcb44c3e3ec90e274,2446852,2026-07-06T21:16:30+00:00,2026-07-06T21:11:00+00:00,0.2934493634196714,0.29,43,16,15266.73,supported_change,past_only_reference,not_established,3321e417ce63,"30,60,180,300"
194478235aca938b79d8,2446852,2026-07-06T21:17:00+00:00,2026-07-06T21:01:30+00:00,0.22526222363003848,0.21,54,14,12754.189999999999,supported_change,past_only_reference,not_established,3321e417ce63,"30,60,180,300,900"
2924b16f17b907232426,2446852,2026-07-06T21:17:30+00:00,2026-07-06T21:02:00+00:00,0.1800822880840273,0.18000000000000005,88,26,26804.61,supported_change,past_only_reference,not_established,3321e417ce63,"30,60,180,300,900"
42a417fbf4b24926407d,2446852,2026-07-06T21:18:00+00:00,2026-07-06T21:02:30+00:00,0.23573619531645776,0.24,64,20,12238.599999999999,supported_change,past_only_reference,not_established,3321e417ce63,"30,60,180,300,900"
2196e7b7816f14d1188d,2446852,2026-07-06T21:18:30+00:00,2026-07-06T21:03:00+00:00,0.2383664062879045,0.24,29,9,7007.74,supported_change,past_only_reference,not_established,3321e417ce63,"60,180,300,900"
839cfe1349aa13d65cee,2446852,2026-07-06T21:19:00+00:00,2026-07-06T21:03:30+00:00,0.22184948457279186,0.22,43,12,10110.060000000001,supported_change,past_only_reference,not_established,3321e417ce63,"30,60,180,300,900"
a250658246e24f6ac947,2446852,2026-07-06T21:19:30+00:00,2026-07-06T21:04:00+00:00,0.2317060886020872,0.24,47,7,21718.449999999997,supported_change,past_only_reference,not_established,3321e417ce63,"30,60,180,300,900"
7d2118cf9cd1833f0e4e,2446852,2026-07-06T21:20:00+00:00,2026-07-06T21:04:30+00:00,0.24663474004806485,0.25,29,8,9433.09,supported_change,past_only_reference,not_established,3321e417ce63,"30,60,180,300,900"
ae3c2fddc72a97494d5b,2446852,2026-07-06T21:20:30+00:00,2026-07-06T21:05:00+00:00,0.2735729580033704,0.27,32,16,18816.510000000002,supported_change,past_only_reference,not_established,3321e417ce63,"30,60,180,300,900"
c5f235f2bc9fbf297088,2446852,2026-07-06T21:21:00+00:00,2026-07-06T21:05:30+00:00,0.30517143677395275,0.30000000000000004,90,25,5329.369999999999,supported_change,past_only_reference,not_established,3321e417ce63,"30,60,180,300,900"
d2de9f931119b5947256,2446852,2026-07-06T21:21:30+00:00,2026-07-06T21:06:00+00:00,0.2975499218961199,0.3,51,3,7509.23,supported_change,past_only_reference,not_established,3321e417ce63,"60,180,300,900"
ff162da47509e35d8d60,2446852,2026-07-06T21:22:00+00:00,2026-07-06T21:06:30+00:00,0.24278833310266468,0.24,34,6,12427.64,supported_change,past_only_reference,not_established,3321e417ce63,"30,60,180,300,900"
c5ada2873aea45a54e4b,2446852,2026-07-06T21:22:30+00:00,2026-07-06T21:07:00+00:00,0.2230699925956206,0.22,28,4,10372.24,supported_change,past_only_reference,not_established,3321e417ce63,"30,60,180,300,900"
252c40dc9bda2157e9ca,2446852,2026-07-06T21:23:00+00:00,2026-07-06T21:07:30+00:00,0.19883492374681314,0.2,34,5,19270.670000000002,supported_change,past_only_reference,not_established,3321e417ce63,"30,60,180,300,900"
47fddfa571db9f9fcad0,2446852,2026-07-06T21:23:30+00:00,2026-07-06T21:08:00+00:00,0.21805855751050346,0.22,42,19,18696.15,supported_change,past_only_reference,not_established,3321e417ce63,"30,60,180,300,900"
bacb72ae9864d742a7ef,2446852,2026-07-06T21:24:00+00:00,2026-07-06T21:08:30+00:00,0.2057588782676864,0.20999999999999996,9,5,5599.91,supported_change,past_only_reference,not_established,3321e417ce63,"30,60,180,300,900"
6b669b4b2f730d238cfa,2446852,2026-07-06T21:24:30+00:00,2026-07-06T21:09:00+00:00,0.21579971478150903,0.21999999999999997,10,2,5756.990000000001,supported_change,past_only_reference,not_established,3321e417ce63,"30,180,300,900"
143ac4c9db0120e1c90a,2446852,2026-07-06T21:25:00+00:00,2026-07-06T21:09:30+00:00,0.21578890000949713,0.21999999999999997,50,22,20532.45,supported_change,past_only_reference,not_established,3321e417ce63,"60,180,300,900"
2bb69feb477f790a35e6,2446852,2026-07-06T21:25:30+00:00,2026-07-06T21:10:00+00:00,0.2308794429600842,0.22999999999999998,71,17,8028.15,supported_change,past_only_reference,not_established,3321e417ce63,"30,60,180,300,900"
1bb7d00f547c4b2be02a,2446852,2026-07-06T21:26:00+00:00,2026-07-06T21:10:30+00:00,0.2570968553459119,0.26,35,28,5644.499999999999,supported_change,past_only_reference,not_established,3321e417ce63,"30,60,180,300,900"
da256932b8d49bd55fc9,2446852,2026-07-06T21:26:30+00:00,2026-07-06T21:11:00+00:00,0.2618748571863813,0.26,52,26,3413.5400000000004,supported_change,past_only_reference,not_established,3321e417ce63,"60,180,300,900"
9d8d77f050532e78e6f4,2446852,2026-07-06T21:27:00+00:00,2026-07-06T21:11:30+00:00,0.3723647927425331,0.32999999999999996,81,18,21631.79,supported_change,past_only_reference,not_established,3321e417ce63,"30,60,180,300,900"
a2ac76ab717fb5380f3a,2446852,2026-07-06T21:28:00+00:00,2026-07-06T21:12:30+00:00,0.3156932779304336,0.31999999999999995,44,26,7460.5,supported_change,past_only_reference,not_established,3321e417ce63,"60,180,300,900"
978854847d2346d51f06,2446852,2026-07-06T21:28:30+00:00,2026-07-06T21:13:00+00:00,0.29810958858334907,0.3,52,6,4189.67,supported_change,past_only_reference,not_established,3321e417ce63,"30,180,300,900"
11b61ccfc6e5805efaf4,2446852,2026-07-06T21:29:00+00:00,2026-07-06T21:13:30+00:00,0.27008278136639846,0.27,11,7,3656.6200000000003,supported_change,past_only_reference,not_established,3321e417ce63,"30,60,300,900"
d5070bc3a44830c26449,2446852,2026-07-06T21:30:00+00:00,2026-07-06T21:14:30+00:00,0.26919626137588254,0.27,17,15,2440.47,supported_change,past_only_reference,not_established,3321e417ce63,"180,300,900"
4c76755cc1a0630d92fe,2446852,2026-07-06T21:30:30+00:00,2026-07-06T21:15:00+00:00,0.276366075277766,0.28,20,10,9672.710000000001,supported_change,past_only_reference,not_established,3321e417ce63,"30,300,900"
0b2da487e04db536c11a,2446852,2026-07-06T21:31:00+00:00,2026-07-06T21:27:30+00:00,0.2835847772240472,0.28,16,10,8417.65,supported_change,past_only_reference,not_established,3321e417ce63,"60,180"
520df4b7e1320426d9a4,2446852,2026-07-06T21:31:30+00:00,2026-07-06T21:26:00+00:00,0.29397350600711314,0.30000000000000004,25,3,19395.339999999997,supported_change,past_only_reference,not_established,3321e417ce63,"30,60,300"
ade4e1894e2fa7a75fe4,2446852,2026-07-06T21:33:00+00:00,2026-07-06T21:17:30+00:00,0.3159324456040588,0.31999999999999995,101,24,18795.52,supported_change,past_only_reference,not_established,3321e417ce63,"180,900"
bb399b8682bd66584504,2446852,2026-07-06T21:33:30+00:00,2026-07-06T21:18:00+00:00,0.33781130752612926,0.33999999999999997,49,11,14919.089999999998,supported_change,past_only_reference,not_established,3321e417ce63,"30,180,300,900"
34016fddeda10ad37b43,2446852,2026-07-06T21:34:00+00:00,2026-07-06T21:18:30+00:00,0.3047976917788987,0.3,13,6,3098.4900000000002,supported_change,past_only_reference,not_established,3321e417ce63,"30,60,180,300,900"
f36345a2cb86bd796423,2446852,2026-07-06T21:34:30+00:00,2026-07-06T21:19:00+00:00,0.2944811114297357,0.3,16,9,1325.14,supported_change,past_only_reference,not_established,3321e417ce63,"60,900"
ea2f90d3ecf871904224,2446852,2026-07-06T21:35:00+00:00,2026-07-06T21:33:30+00:00,0.2734303190524325,0.27,14,6,1929.1499999999999,supported_change,past_only_reference,not_established,3321e417ce63,"30,60"
c2d177d683ac08a23593,2446852,2026-07-06T21:35:30+00:00,2026-07-06T21:34:00+00:00,0.26172373573273355,0.27,7,2,840.21,supported_change,past_only_reference,not_established,3321e417ce63,60
097b76c41132cd26f36e,2446852,2026-07-06T21:36:00+00:00,2026-07-06T21:20:30+00:00,0.25178517761615676,0.26,18,11,3660.14,supported_change,past_only_reference,not_established,3321e417ce63,"30,60,180,900"
3d059f80be5d81aa8f3b,2446852,2026-07-06T21:36:30+00:00,2026-07-06T21:21:00+00:00,0.2420057908747023,0.24,14,2,1713.04,supported_change,past_only_reference,not_established,3321e417ce63,"30,60,180,300,900"
b67b23e0c1b919c275fc,2446852,2026-07-06T21:37:00+00:00,2026-07-06T21:33:30+00:00,0.24552395052761694,0.25,11,5,1431.91,supported_change,past_only_reference,not_established,3321e417ce63,"30,60,180"
b996377f063a4f4898f0,2446852,2026-07-06T21:37:30+00:00,2026-07-06T21:22:00+00:00,0.2608772388204834,0.26,30,13,11826.539999999999,supported_change,past_only_reference,not_established,3321e417ce63,"30,60,180,900"
f11ec6bc323215c5c50e,2446852,2026-07-06T21:38:00+00:00,2026-07-06T21:22:30+00:00,0.2622812403050145,0.26,19,13,3674.58,supported_change,past_only_reference,not_established,3321e417ce63,"60,180,300,900"
c4af0215208a10fed5dd,2446852,2026-07-06T21:38:30+00:00,2026-07-06T21:33:00+00:00,0.2422772310466544,0.24,20,7,2085.12,supported_change,past_only_reference,not_established,3321e417ce63,"30,60,180,300"
1b1ebb1c461b7f9b933c,2446852,2026-07-06T21:39:00+00:00,2026-07-06T21:33:30+00:00,0.21106696207497538,0.21,37,5,15549.099999999999,supported_change,past_only_reference,not_established,3321e417ce63,"30,60,180,300"
80d8408292826c5da133,2446852,2026-07-06T21:39:30+00:00,2026-07-06T21:24:00+00:00,0.18248994815816041,0.18000000000000005,29,18,4675.76,supported_change,past_only_reference,not_established,3321e417ce63,"30,60,180,300,900"
bd00c6451a712180fe67,2446852,2026-07-06T21:40:00+00:00,2026-07-06T21:34:30+00:00,0.19342062025056478,0.19,7,2,194.76000000000002,supported_change,past_only_reference,not_established,3321e417ce63,"30,60,180,300"
1ab05c795ec4f6d95d28,2446852,2026-07-06T21:40:30+00:00,2026-07-06T21:35:00+00:00,0.2014560519149429,0.2,14,5,1380.7200000000003,supported_change,past_only_reference,not_established,3321e417ce63,"30,60,180,300"
faf6e2094b8b1e4b3f6c,2446852,2026-07-06T21:41:00+00:00,2026-07-06T21:25:30+00:00,0.19552749711985382,0.19999999999999996,12,5,755.17,supported_change,past_only_reference,not_established,3321e417ce63,"60,180,300,900"
286f4b359899ff48c031,2446852,2026-07-06T21:41:30+00:00,2026-07-06T21:26:00+00:00,0.1933016737361,0.19,13,6,1744.6,supported_change,past_only_reference,not_established,3321e417ce63,"30,60,180,300,900"
1503aab66a76868b0f55,2446852,2026-07-06T21:42:00+00:00,2026-07-06T21:26:30+00:00,0.14793405354122105,0.15000000000000002,235,89,27931.75,supported_change,past_only_reference,not_established,3321e417ce63,"30,60,180,300,900"
c54c9c8d1c1de1879b55,2446852,2026-07-06T21:42:30+00:00,2026-07-06T21:37:00+00:00,0.12462695541894696,0.13,93,69,6402.719999999999,supported_change,past_only_reference,not_established,3321e417ce63,"30,60,180,300"
fa93d3c182e955106d2f,2446852,2026-07-06T21:43:00+00:00,2026-07-06T21:27:30+00:00,0.1444815122615379,0.15000000000000002,24,6,9614.21,supported_change,past_only_reference,not_established,3321e417ce63,"30,60,180,300,900"
900623aeeeb129ab7fc9,2446852,2026-07-06T21:43:30+00:00,2026-07-06T21:28:00+00:00,0.1457553131540815,0.15000000000000002,14,8,1490.64,supported_change,past_only_reference,not_established,3321e417ce63,"60,180,300,900"
28c72aa293278b1c6916,2446852,2026-07-06T21:44:30+00:00,2026-07-06T21:39:00+00:00,0.14953994849407998,0.15000000000000002,17,7,6368.2,supported_change,past_only_reference,not_established,3321e417ce63,"180,300"
42f5cbb081ed3adb704e,2446852,2026-07-06T21:45:00+00:00,2026-07-06T21:29:30+00:00,0.14863448311527128,0.15000000000000002,10,6,2320.44,supported_change,past_only_reference,not_established,3321e417ce63,"300,900"
efadccb3e310a24b0d36,2446852,2026-07-06T21:45:30+00:00,2026-07-06T21:30:00+00:00,0.1458994505691816,0.15000000000000002,22,7,1392.35,supported_change,past_only_reference,not_established,3321e417ce63,"180,300,900"
aece4b5ff91cef32be99,2446852,2026-07-06T21:46:00+00:00,2026-07-06T21:30:30+00:00,0.15437927548256292,0.16000000000000003,10,4,3639.94,supported_change,past_only_reference,not_established,3321e417ce63,"30,60,300,900"
a4780a71fd1d5def0882,2446852,2026-07-06T21:46:30+00:00,2026-07-06T21:31:00+00:00,0.1565495495495496,0.16000000000000003,14,5,732.5999999999999,supported_change,past_only_reference,not_established,3321e417ce63,"60,300,900"
d396fa286aa637faa176,2446852,2026-07-06T21:47:30+00:00,2026-07-06T21:42:00+00:00,0.16000000000000003,0.16000000000000003,3,3,67.07,supported_change,past_only_reference,not_established,3321e417ce63,300
84b5f3e30541739b249a,2446852,2026-07-06T21:48:00+00:00,2026-07-06T21:32:30+00:00,0.16576507603565818,0.17000000000000004,11,7,13921.099999999999,supported_change,past_only_reference,not_established,3321e417ce63,"30,60,180,900"
feb78ea5556147204d45,2446852,2026-07-06T21:48:30+00:00,2026-07-06T21:33:00+00:00,0.17150124772921002,0.17000000000000004,14,6,2592.7100000000005,supported_change,past_only_reference,not_established,3321e417ce63,"60,180,900"
61921c63a6ab7e94766e,2446852,2026-07-06T21:49:00+00:00,2026-07-06T21:33:30+00:00,0.1715125957352553,0.17000000000000004,16,11,3521.43,supported_change,past_only_reference,not_established,3321e417ce63,900
db5656d5ebe68f511dd2,2446852,2026-07-06T21:49:30+00:00,2026-07-06T21:34:00+00:00,0.14203647809657544,0.14,20,2,6338.050000000001,supported_change,past_only_reference,not_established,3321e417ce63,"30,60,180,900"
47cb88a248c7882e3893,2446852,2026-07-06T21:50:00+00:00,2026-07-06T21:34:30+00:00,0.15094103270941442,0.15000000000000002,10,8,3453.44,supported_change,past_only_reference,not_established,3321e417ce63,"30,60,180,300,900"
e818a21998a06184b19b,2446852,2026-07-06T21:50:30+00:00,2026-07-06T21:35:00+00:00,0.15000000000000002,0.15000000000000002,3,3,959.35,supported_change,past_only_reference,not_established,3321e417ce63,"60,180,300,900"
2bcb82846ca86035a380,2446852,2026-07-06T21:51:00+00:00,2026-07-06T21:35:30+00:00,0.14836373900824115,0.15000000000000002,17,16,1629.6299999999999,supported_change,past_only_reference,not_established,3321e417ce63,"180,900"
aa5959c94daeef08a7a2,2446852,2026-07-06T21:51:30+00:00,2026-07-06T21:36:00+00:00,0.14825545648123503,0.15000000000000002,11,8,4508.4,supported_change,past_only_reference,not_established,3321e417ce63,"180,900"
84fc2b04282a2493200e,2446852,2026-07-06T21:53:00+00:00,2026-07-06T21:37:30+00:00,0.1373866174866227,0.13,13,7,384.98,supported_change,past_only_reference,not_established,3321e417ce63,"180,300,900"
c0e09ece76aad77a2341,2446852,2026-07-06T21:53:30+00:00,2026-07-06T21:38:00+00:00,0.13292932188934659,0.13,13,8,2755.4500000000003,supported_change,past_only_reference,not_established,3321e417ce63,"180,300,900"
a7431b8481595e1d21d4,2446852,2026-07-06T21:54:00+00:00,2026-07-06T21:38:30+00:00,0.12529263115334077,0.13,9,5,395.72,supported_change,past_only_reference,not_established,3321e417ce63,"180,300,900"
b8e6f28a6f73b5cd97c7,2446852,2026-07-06T21:54:30+00:00,2026-07-06T21:39:00+00:00,0.12823065599566844,0.13,7,5,1773.03,supported_change,past_only_reference,not_established,3321e417ce63,"180,900"
4afdafb1ab004c04d51f,2446852,2026-07-06T21:55:00+00:00,2026-07-06T21:39:30+00:00,0.1275807138260482,0.13,12,11,1010.0500000000002,supported_change,past_only_reference,not_established,3321e417ce63,900
fbfba1ccdffa8b4e9627,2446852,2026-07-06T21:55:30+00:00,2026-07-06T21:40:00+00:00,0.13501509524300348,0.14,19,3,6015.140000000001,supported_change,past_only_reference,not_established,3321e417ce63,"30,60,900"
f3491affa1024a8ccaf5,2446852,2026-07-06T21:56:00+00:00,2026-07-06T21:40:30+00:00,0.14,0.14,10,10,1272.8600000000001,supported_change,past_only_reference,not_established,3321e417ce63,"60,900"
873bfa85415a2809074a,2446852,2026-07-06T21:56:30+00:00,2026-07-06T21:41:00+00:00,0.14,0.14,9,9,459.94,supported_change,past_only_reference,not_established,3321e417ce63,900
4f4da12cd0774719555e,2446852,2026-07-06T21:57:00+00:00,2026-07-06T21:55:30+00:00,0.12967166434515334,0.13,10,8,1945.57,supported_change,past_only_reference,not_established,3321e417ce63,"30,60"
e1b443883744d9bd73b9,2446852,2026-07-06T21:57:30+00:00,2026-07-06T21:56:00+00:00,0.12413831713360017,0.12,10,5,839.52,supported_change,past_only_reference,not_established,3321e417ce63,"30,60"
2ec899b5611acf96cf91,2446852,2026-07-06T21:58:00+00:00,2026-07-06T21:56:30+00:00,0.12430628216123503,0.12,10,3,932.8,supported_change,past_only_reference,not_established,3321e417ce63,60
f708bbc38c5e86e31707,2446852,2026-07-06T21:58:30+00:00,2026-07-06T21:57:00+00:00,0.12774856625740214,0.13,14,11,2784.67,supported_change,past_only_reference,not_established,3321e417ce63,"30,60"
140cab51809bf48fa2dd,2446852,2026-07-06T21:59:00+00:00,2026-07-06T21:57:30+00:00,0.13850444850099494,0.14,8,3,2432.2799999999997,supported_change,past_only_reference,not_established,3321e417ce63,"30,60"
6e7529dc5c0ad4731dfd,2446852,2026-07-06T21:59:30+00:00,2026-07-06T21:58:30+00:00,0.13448865294394935,0.13,9,3,890.98,supported_change,past_only_reference,not_established,3321e417ce63,30
251989a3cfe5be2ddc41,2446852,2026-07-06T22:02:30+00:00,2026-07-06T22:01:00+00:00,0.14000000000000004,0.14,3,3,1064.1599999999999,supported_change,past_only_reference,not_established,3321e417ce63,"30,60"
a5b3dbfc7372da0ca32e,2446852,2026-07-06T22:03:00+00:00,2026-07-06T22:01:30+00:00,0.14,0.14,3,3,368.57,supported_change,past_only_reference,not_established,3321e417ce63,60
a3d0b0cb83ce526a22ea,2446852,2026-07-06T22:04:30+00:00,2026-07-06T22:03:00+00:00,0.1280289675090253,0.13,7,4,3462.4999999999995,supported_change,past_only_reference,not_established,3321e417ce63,60
c9d888380dbb8ceac6e1,2446852,2026-07-06T22:05:30+00:00,2026-07-06T22:02:00+00:00,0.12151445164322404,0.12,8,4,1489.4499999999998,supported_change,past_only_reference,not_established,3321e417ce63,"30,60,180"
c55cf80359cf29670820,2446852,2026-07-06T22:06:00+00:00,2026-07-06T22:05:00+00:00,0.12651823602575357,0.13,8,3,1093.44,supported_change,past_only_reference,not_established,3321e417ce63,30
b440f4b556434ec7db51,2446852,2026-07-06T22:06:30+00:00,2026-07-06T22:05:00+00:00,0.12999999999999998,0.13,7,7,1321.32,supported_change,past_only_reference,not_established,3321e417ce63,60
baa19861d9c1ee3aa6db,2446852,2026-07-06T22:07:30+00:00,2026-07-06T22:06:00+00:00,0.11455377998591078,0.12,6,2,809.13,supported_change,past_only_reference,not_established,3321e417ce63,60
7a37d692b3ed04e78a62,2446852,2026-07-06T22:08:30+00:00,2026-07-06T22:03:00+00:00,0.1000522455121105,0.1,3,2,957.0200000000001,supported_change,past_only_reference,not_established,3321e417ce63,"60,180,300"
df839aaed52d7dd37315,2446852,2026-07-06T22:09:00+00:00,2026-07-06T22:05:30+00:00,0.109215944592916,0.10999999999999999,5,3,265.67,supported_change,past_only_reference,not_established,3321e417ce63,"30,180"
6eba901b1a4d2523e784,2446852,2026-07-06T22:09:30+00:00,2026-07-06T21:54:00+00:00,0.09053127813395172,0.09,8,4,1832.7499999999998,supported_change,past_only_reference,not_established,3321e417ce63,"30,60,180,300,900"
fbccad1092c1020b9413,2446852,2026-07-06T22:10:00+00:00,2026-07-06T21:54:30+00:00,0.08999999999999998,0.09,4,4,630.77,supported_change,past_only_reference,not_established,3321e417ce63,"60,300,900"
2ded9d46cd62c49dd79b,2446852,2026-07-06T22:10:30+00:00,2026-07-06T21:55:00+00:00,0.08655671218061375,0.08999999999999997,4,2,887.64,supported_change,past_only_reference,not_established,3321e417ce63,"180,300,900"
5d321875e558970f6f3f,2446852,2026-07-06T22:11:00+00:00,2026-07-06T21:55:30+00:00,0.07328913573200449,0.07,6,4,4555.299999999999,supported_change,past_only_reference,not_established,3321e417ce63,"30,60,300,900"
16d2afdf747d7bea7658,2446852,2026-07-06T22:12:00+00:00,2026-07-06T21:56:30+00:00,0.08603170478170476,0.08,3,2,538.72,supported_change,past_only_reference,not_established,3321e417ce63,"60,180,900"
d58370eea1f18be2c735,2446852,2026-07-06T22:12:30+00:00,2026-07-06T22:11:30+00:00,0.09501153437732669,0.09999999999999998,16,10,819.29,supported_change,past_only_reference,not_established,3321e417ce63,30
989ebf64b5ae5fc5debe,2446852,2026-07-06T22:13:30+00:00,2026-07-06T22:10:00+00:00,0.10600181897620171,0.10999999999999999,12,6,1121.51,supported_change,past_only_reference,not_established,3321e417ce63,"60,180"
80e0835ca2878f1c9abd,2446852,2026-07-06T22:15:00+00:00,2026-07-06T22:09:30+00:00,0.11803477761993224,0.12,15,13,2196.24,supported_change,past_only_reference,not_established,3321e417ce63,"180,300"
d05042f7cc06b056fe91,2446852,2026-07-06T22:15:30+00:00,2026-07-06T22:14:30+00:00,0.11445874181086745,0.11,7,4,1063.91,supported_change,past_only_reference,not_established,3321e417ce63,30
4f74828ae4e9c623f823,2446852,2026-07-06T22:16:00+00:00,2026-07-06T22:10:30+00:00,0.13195807213633967,0.13,11,4,5329.63,supported_change,past_only_reference,not_established,3321e417ce63,"30,60,300"
c6a851091cdaea6c9ddd,2446852,2026-07-06T22:16:30+00:00,2026-07-06T22:13:00+00:00,0.13893574716241755,0.14,6,4,1725.06,supported_change,past_only_reference,not_established,3321e417ce63,"30,60,180"
033efa7cf0a9b1c366ca,2446852,2026-07-06T22:17:00+00:00,2026-07-06T22:11:30+00:00,0.1462355151172908,0.15000000000000002,8,3,1735.43,supported_change,past_only_reference,not_established,3321e417ce63,"30,60,300"
f2d8a242ebbf29b5a8c3,2446852,2026-07-06T22:17:30+00:00,2026-07-06T22:12:00+00:00,0.1500250935880877,0.15000000000000002,13,10,6093.190000000001,supported_change,past_only_reference,not_established,3321e417ce63,"60,300"
865f6c9965660f1401c8,2446852,2026-07-06T22:18:00+00:00,2026-07-06T22:14:30+00:00,0.15983527379344747,0.16000000000000003,5,4,821.9699999999999,supported_change,past_only_reference,not_established,3321e417ce63,"30,60,180"
559f4ecc459aa7a1f7d8,2446852,2026-07-06T22:19:00+00:00,2026-07-06T22:15:30+00:00,0.18000000000000005,0.18000000000000005,9,9,14314.99,supported_change,past_only_reference,not_established,3321e417ce63,"60,180"
3e2b54cfcecb9ea88aa2,2446852,2026-07-06T22:19:30+00:00,2026-07-06T22:04:00+00:00,0.19124225917253113,0.18999999999999995,5,4,1609.97,supported_change,past_only_reference,not_established,3321e417ce63,"30,180,900"
efd00438afc8cde5e777,2446852,2026-07-06T22:20:00+00:00,2026-07-06T22:04:30+00:00,0.27220389441195375,0.27,38,10,10876.609999999999,unusual_change,past_only_reference,not_established,3321e417ce63,"30,60,180,300,900"
7feb0cce6a05b34ff7cf,2446852,2026-07-06T22:20:30+00:00,2026-07-06T22:05:00+00:00,0.34850945095358854,0.33999999999999997,46,4,14835.539999999999,unusual_change,past_only_reference,not_established,3321e417ce63,"30,60,180,300,900"
9f4f50c97a8c32f1461f,2446852,2026-07-06T22:21:00+00:00,2026-07-06T22:05:30+00:00,0.4537360174077805,0.44999999999999996,65,5,16002.039999999997,unusual_change,past_only_reference,not_established,3321e417ce63,"30,60,180,300,900"
27d1e062aab912847626,2446852,2026-07-06T22:22:30+00:00,2026-07-06T22:07:00+00:00,0.22736460351708895,0.25,21,5,6817.57,supported_change,past_only_reference,not_established,3321e417ce63,"180,300,900"
c26b214937ae4eebc18d,2446852,2026-07-06T22:23:00+00:00,2026-07-06T22:19:30+00:00,0.17693832335853024,0.17,13,2,3430.3100000000004,supported_change,past_only_reference,not_established,3321e417ce63,"30,180"
3ae41a85a75114e5ccd6,2446852,2026-07-06T22:23:30+00:00,2026-07-06T22:08:00+00:00,0.20383257239654756,0.2,15,10,3099.2499999999995,supported_change,past_only_reference,not_established,3321e417ce63,"30,60,180,900"
41a945e103605b1f5cf5,2446852,2026-07-06T22:24:00+00:00,2026-07-06T22:08:30+00:00,0.18632809713434142,0.18999999999999995,16,10,2046.65,supported_change,past_only_reference,not_established,3321e417ce63,"30,60,180,900"
8dd89da06122aa4ba376,2446852,2026-07-06T22:24:30+00:00,2026-07-06T22:09:00+00:00,0.17821614632847857,0.18000000000000005,7,3,1051.8799999999999,supported_change,past_only_reference,not_established,3321e417ce63,"30,60,900"
730faf1b78ba67043968,2446852,2026-07-06T22:25:00+00:00,2026-07-06T22:09:30+00:00,0.18349941108676654,0.18,12,6,789.59,supported_change,past_only_reference,not_established,3321e417ce63,"60,300,900"
830273b154bb10e0c9f6,2446852,2026-07-06T22:25:30+00:00,2026-07-06T22:10:00+00:00,0.2562620253252864,0.25,22,2,27235.229999999996,supported_change,past_only_reference,not_established,3321e417ce63,"30,60,180,300,900"
67c5cc553cb1475aead5,2446852,2026-07-06T22:26:00+00:00,2026-07-06T22:10:30+00:00,0.23822743857116857,0.24,27,4,3242.37,supported_change,past_only_reference,not_established,3321e417ce63,"30,60,180,300,900"
2ae75ff6453083de3510,2446852,2026-07-06T22:26:30+00:00,2026-07-06T22:23:00+00:00,0.20240332244008713,0.19999999999999996,14,6,954.72,supported_change,past_only_reference,not_established,3321e417ce63,"30,60,180"
0dd73e2c2b23b805f0a6,2446852,2026-07-06T22:27:00+00:00,2026-07-06T22:11:30+00:00,0.19365241566258629,0.19999999999999996,17,9,1874.0199999999998,supported_change,past_only_reference,not_established,3321e417ce63,"60,180,900"
63734392e27198616b36,2446852,2026-07-06T22:27:30+00:00,2026-07-06T22:12:00+00:00,0.18983715207915514,0.18999999999999995,12,11,3076.49,supported_change,past_only_reference,not_established,3321e417ce63,"30,60,180,300,900"
60e219dc6d7add4b98bd,2446852,2026-07-06T22:28:00+00:00,2026-07-06T22:22:30+00:00,0.18999999999999992,0.18999999999999995,4,4,1771.94,supported_change,past_only_reference,not_established,3321e417ce63,"60,180,300"
0c1af505a576cccfdebe,2446852,2026-07-06T22:28:30+00:00,2026-07-06T22:13:00+00:00,0.20135770957229474,0.18999999999999995,15,2,17171.64,supported_change,past_only_reference,not_established,3321e417ce63,"180,300,900"
b04aeb363467eef41f45,2446852,2026-07-06T22:29:00+00:00,2026-07-06T22:23:30+00:00,0.22989444342006787,0.22999999999999998,21,9,4609.849999999999,supported_change,past_only_reference,not_established,3321e417ce63,"30,60,180,300"
e6c639edea2ad5081fb2,2446852,2026-07-06T22:29:30+00:00,2026-07-06T22:24:00+00:00,0.2507646258284279,0.25,36,11,6209.05,supported_change,past_only_reference,not_established,3321e417ce63,"30,60,180,300"
c55a57b3626d6fd98f44,2446852,2026-07-06T22:30:00+00:00,2026-07-06T22:14:30+00:00,0.2619990861151249,0.26,21,7,4048.6499999999996,supported_change,past_only_reference,not_established,3321e417ce63,"30,60,180,300,900"
db814a82a8bce5f2c83f,2446852,2026-07-06T22:30:30+00:00,2026-07-06T22:15:00+00:00,0.2597115986533713,0.26,15,10,8115.080000000001,supported_change,past_only_reference,not_established,3321e417ce63,"60,180,300,900"
236998769d8667777a0c,2446852,2026-07-06T22:31:00+00:00,2026-07-06T22:15:30+00:00,0.24964290243560563,0.25,23,18,4494.57,supported_change,past_only_reference,not_established,3321e417ce63,"30,60,180,300,900"
aa62449d206de62126dd,2446852,2026-07-06T22:32:30+00:00,2026-07-06T22:17:00+00:00,0.22165524660708374,0.22,6,4,604.2,supported_change,past_only_reference,not_established,3321e417ce63,"180,300,900"
1760825a9d620c8868a8,2446852,2026-07-06T22:33:00+00:00,2026-07-06T22:17:30+00:00,0.22088447972045125,0.21999999999999997,8,6,3342.53,supported_change,past_only_reference,not_established,3321e417ce63,"180,300,900"
496228f63f1083792645,2446852,2026-07-06T22:33:30+00:00,2026-07-06T22:28:00+00:00,0.22151011428748624,0.22,32,26,5804.660000000001,supported_change,past_only_reference,not_established,3321e417ce63,"180,300"
eb9217356d0172265a75,2446852,2026-07-06T22:34:00+00:00,2026-07-06T22:18:30+00:00,0.20753260116389935,0.21999999999999997,22,6,7677.639999999999,supported_change,past_only_reference,not_established,3321e417ce63,"180,900"
f7573c04360b68faefb2,2446852,2026-07-06T22:34:30+00:00,2026-07-06T22:29:00+00:00,0.18022893729660913,0.18,17,12,6142.73,supported_change,past_only_reference,not_established,3321e417ce63,"30,60,300"
fd7843bbd6394750b44b,2446852,2026-07-06T22:35:00+00:00,2026-07-06T22:19:30+00:00,0.19384507346128946,0.19999999999999996,12,4,4727.660000000001,supported_change,past_only_reference,not_established,3321e417ce63,"30,60,300,900"
15344267e532a2284281,2446852,2026-07-06T22:35:30+00:00,2026-07-06T22:20:00+00:00,0.19649300186352642,0.19999999999999996,19,7,1261.05,supported_change,past_only_reference,not_established,3321e417ce63,"60,180,300,900"
d7d9085d0cdcdf63ec13,2446852,2026-07-06T22:36:00+00:00,2026-07-06T22:20:30+00:00,0.20918974661166764,0.20999999999999996,3,2,1221.84,supported_change,past_only_reference,not_established,3321e417ce63,"30,60,180,300,900"
5d4309ba259fee93fab6,2446852,2026-07-06T22:36:30+00:00,2026-07-06T22:33:00+00:00,0.19999999999999993,0.19999999999999996,5,5,370.00000000000006,supported_change,past_only_reference,not_established,3321e417ce63,"30,180"
b42661e651ae50a49138,2446852,2026-07-06T22:37:00+00:00,2026-07-06T22:33:30+00:00,0.18301794076907854,0.18,13,5,3335.4200000000005,supported_change,past_only_reference,not_established,3321e417ce63,"30,60,180"
87aac5f1986cce897995,2446852,2026-07-06T22:37:30+00:00,2026-07-06T22:22:00+00:00,0.15461984161580936,0.15,51,13,8258.400000000001,supported_change,past_only_reference,not_established,3321e417ce63,"30,60,180,300,900"
174bd07b7e401be26489,2446852,2026-07-06T22:38:00+00:00,2026-07-06T22:32:30+00:00,0.14480030805771388,0.14,30,4,7881.639999999999,supported_change,past_only_reference,not_established,3321e417ce63,"30,60,180,300"
6cd6689914fb1742aed0,2446852,2026-07-06T22:38:30+00:00,2026-07-06T22:23:00+00:00,0.15993746797973474,0.16000000000000003,15,12,3513.3999999999996,supported_change,past_only_reference,not_established,3321e417ce63,"30,60,180,300,900"
91412771ac1148420f9a,2446852,2026-07-06T22:39:00+00:00,2026-07-06T22:33:30+00:00,0.1598465450572224,0.16000000000000003,49,17,41807.06,supported_change,past_only_reference,not_established,3321e417ce63,"60,180,300"
7d8b8a2ae9fe00274149,2446852,2026-07-06T22:39:30+00:00,2026-07-06T22:34:00+00:00,0.15949839596351326,0.16000000000000003,20,14,7880.12,supported_change,past_only_reference,not_established,3321e417ce63,"180,300"
89108f57134526b34f0d,2446852,2026-07-06T22:40:00+00:00,2026-07-06T22:34:30+00:00,0.15020217361954905,0.15,12,8,4147.92,supported_change,past_only_reference,not_established,3321e417ce63,"30,60,180,300"
98aa526a71575b147c18,2446852,2026-07-06T22:40:30+00:00,2026-07-06T22:25:00+00:00,0.1526301714224588,0.15000000000000002,11,6,1495.7199999999998,supported_change,past_only_reference,not_established,3321e417ce63,"60,300,900"
943226ec4bd9616a7582,2446852,2026-07-06T22:41:00+00:00,2026-07-06T22:25:30+00:00,0.15827430964965084,0.16000000000000003,12,6,1212.79,supported_change,past_only_reference,not_established,3321e417ce63,"30,60,180,300,900"
7b8499da34720d0aedf8,2446852,2026-07-06T22:41:30+00:00,2026-07-06T22:26:00+00:00,0.15712125557862855,0.16000000000000003,9,5,871.63,supported_change,past_only_reference,not_established,3321e417ce63,"60,300,900"
2f6d6237e155b0159707,2446852,2026-07-06T22:42:00+00:00,2026-07-06T22:26:30+00:00,0.16000000000000006,0.16000000000000003,5,5,326.12,supported_change,past_only_reference,not_established,3321e417ce63,"300,900"
fdc89d5b6c624a99b861,2446852,2026-07-06T22:44:00+00:00,2026-07-06T22:28:30+00:00,0.16029328764698617,0.16,19,15,5988.659999999999,supported_change,past_only_reference,not_established,3321e417ce63,900
e5cb2d114b775502e5d7,2446852,2026-07-06T22:44:30+00:00,2026-07-06T22:29:00+00:00,0.16000000000000006,0.16000000000000003,6,6,1504.4499999999998,supported_change,past_only_reference,not_established,3321e417ce63,900
532c00541f609ca1c8f0,2446852,2026-07-06T22:45:00+00:00,2026-07-06T22:29:30+00:00,0.16000000000000003,0.16000000000000003,2,2,781.25,supported_change,past_only_reference,not_established,3321e417ce63,900
e2556686bb0e317e0e0b,2446852,2026-07-06T22:45:30+00:00,2026-07-06T22:30:00+00:00,0.1507027824747147,0.15,32,11,32308.29,supported_change,past_only_reference,not_established,3321e417ce63,"30,60,900"
b9c3a23403301245d66f,2446852,2026-07-06T22:46:00+00:00,2026-07-06T22:30:30+00:00,0.15502423934292406,0.16000000000000003,17,7,2792.98,supported_change,past_only_reference,not_established,3321e417ce63,"30,900"
cfaa8378f9a38b207091,2446852,2026-07-06T22:46:30+00:00,2026-07-06T22:45:30+00:00,0.14548129067245122,0.15000000000000002,7,3,442.55999999999995,supported_change,past_only_reference,not_established,3321e417ce63,30
8de8fe26bdac3e0b5e42,2446852,2026-07-06T22:47:00+00:00,2026-07-06T22:45:30+00:00,0.14676518593074186,0.15000000000000002,5,3,2205.66,supported_change,past_only_reference,not_established,3321e417ce63,60
b6573f79c3eef79b19db,2446852,2026-07-06T22:47:30+00:00,2026-07-06T22:32:00+00:00,0.15000000000000002,0.15000000000000002,3,3,220.0,supported_change,past_only_reference,not_established,3321e417ce63,900
4257499b128cd03b9f97,2446852,2026-07-06T22:48:00+00:00,2026-07-06T22:32:30+00:00,0.14002844768115838,0.14,15,13,1406.0900000000001,supported_change,past_only_reference,not_established,3321e417ce63,"30,60,180,900"
b1676418620c19f857e9,2446852,2026-07-06T22:48:30+00:00,2026-07-06T22:33:00+00:00,0.14142445344449606,0.14,10,6,7083.91,supported_change,past_only_reference,not_established,3321e417ce63,"60,900"
1e7ab9676b6f79f242c7,2446852,2026-07-06T22:49:00+00:00,2026-07-06T22:33:30+00:00,0.14070760768095722,0.14,10,6,4981.15,supported_change,past_only_reference,not_established,3321e417ce63,"180,900"
1f8edf91514c627af330,2446852,2026-07-06T22:49:30+00:00,2026-07-06T22:34:00+00:00,0.13755216791264954,0.14,4,3,2050.59,supported_change,past_only_reference,not_established,3321e417ce63,900
5ba44cbdb303f431788b,2446852,2026-07-06T22:50:00+00:00,2026-07-06T22:34:30+00:00,0.13904117291024667,0.14,8,4,3254.8100000000004,supported_change,past_only_reference,not_established,3321e417ce63,900
e2b2544b224ca0ecf4a7,2446852,2026-07-06T22:50:30+00:00,2026-07-06T22:35:00+00:00,0.13522605037654312,0.14,3,2,23693.17,supported_change,past_only_reference,not_established,3321e417ce63,900
ab1be9f7127bb927105d,2446852,2026-07-06T22:51:00+00:00,2026-07-06T22:35:30+00:00,0.13212232539588914,0.13,17,5,1780.17,supported_change,past_only_reference,not_established,3321e417ce63,"30,60,300,900"
0cc4b4d121d2ef456c91,2446852,2026-07-06T22:51:30+00:00,2026-07-06T22:36:00+00:00,0.1314736857239391,0.13,11,4,1391.07,supported_change,past_only_reference,not_established,3321e417ce63,"60,900"
7fcbae5590df11255507,2446852,2026-07-06T22:52:00+00:00,2026-07-06T22:36:30+00:00,0.13,0.13,3,3,538.06,supported_change,past_only_reference,not_established,3321e417ce63,900
13d891e5e2aeaa624835,2446852,2026-07-06T22:53:30+00:00,2026-07-06T22:52:00+00:00,0.1397060783425692,0.14,11,10,3466.57,supported_change,past_only_reference,not_established,3321e417ce63,"30,60"
d727ee070ea0eddf9290,2446852,2026-07-06T22:54:00+00:00,2026-07-06T22:53:00+00:00,0.13412440054690533,0.13,12,3,2450.1499999999996,supported_change,past_only_reference,not_established,3321e417ce63,30
6ce9b954ca05160e1e87,2446852,2026-07-06T22:55:00+00:00,2026-07-06T22:53:30+00:00,0.14029874867608458,0.14,8,3,34632.119999999995,supported_change,past_only_reference,not_established,3321e417ce63,60
e14cedaf1544c84aae41,2446852,2026-07-06T22:55:30+00:00,2026-07-06T22:52:00+00:00,0.14825482061075157,0.15000000000000002,9,6,2366.92,supported_change,past_only_reference,not_established,3321e417ce63,"30,180"
b4ebade37eab90e2c30a,2446852,2026-07-06T22:56:00+00:00,2026-07-06T22:52:30+00:00,0.14947653505809247,0.15000000000000002,12,9,2368.64,supported_change,past_only_reference,not_established,3321e417ce63,"60,180"
2b3a0b9f619e799b8105,2446852,2026-07-06T22:57:00+00:00,2026-07-06T22:51:30+00:00,0.15970801926583036,0.16000000000000003,6,3,367.49,supported_change,past_only_reference,not_established,3321e417ce63,"30,60,180,300"
fb14391c9fd50f0e0eaf,2446852,2026-07-06T22:57:30+00:00,2026-07-06T22:52:00+00:00,0.155312802054476,0.16000000000000003,13,5,4945.299999999999,supported_change,past_only_reference,not_established,3321e417ce63,"60,300"
d90c47185cee9bf431ad,2446852,2026-07-06T22:58:00+00:00,2026-07-06T22:52:30+00:00,0.15830898262103626,0.16000000000000003,13,5,2578.9799999999996,supported_change,past_only_reference,not_established,3321e417ce63,"180,300"
33124bbc5ea9dc64f834,2446852,2026-07-06T22:59:00+00:00,2026-07-06T22:57:30+00:00,0.15200197439300137,0.15,13,8,4325.379999999998,supported_change,past_only_reference,not_established,3321e417ce63,60
bafbe3b81606b6f3167e,2446852,2026-07-06T23:00:30+00:00,2026-07-06T22:57:00+00:00,0.14220920342486582,0.14,12,9,3879.86,supported_change,past_only_reference,not_established,3321e417ce63,"30,60,180"
dcf053cfcbef7400007f,2446852,2026-07-06T23:01:00+00:00,2026-07-06T23:00:00+00:00,0.15001975720852867,0.15000000000000002,10,6,9991.289999999999,supported_change,past_only_reference,not_established,3321e417ce63,30
0e1a0e2076b33322b8cc,2446852,2026-07-06T23:01:30+00:00,2026-07-06T23:00:00+00:00,0.1599867400248239,0.16000000000000003,7,3,3891.41,supported_change,past_only_reference,not_established,3321e417ce63,"30,60"
ea5f73cd2484da0bbf9d,2446852,2026-07-06T23:02:30+00:00,2026-07-06T23:01:00+00:00,0.15021199398236004,0.15,6,4,1017.01,supported_change,past_only_reference,not_established,3321e417ce63,60
d5579933a24e2a7b4735,2446852,2026-07-06T23:03:30+00:00,2026-07-06T23:00:00+00:00,0.15979357857345597,0.16000000000000003,5,3,5813.35,supported_change,past_only_reference,not_established,3321e417ce63,"60,180"
ea7e18fcaf1a0d18c448,2446852,2026-07-06T23:04:00+00:00,2026-07-06T23:03:00+00:00,0.14999999999999997,0.15,3,3,250.31,supported_change,past_only_reference,not_established,3321e417ce63,30
3d6cf669bfe92b444699,2446852,2026-07-06T23:06:30+00:00,2026-07-06T23:03:00+00:00,0.14,0.14,2,2,15.370000000000001,supported_change,past_only_reference,not_established,3321e417ce63,"30,60,180"
d1359209616281fde1c0,2446852,2026-07-06T23:14:30+00:00,2026-07-06T23:13:00+00:00,0.13986979166666666,0.14,5,4,88.32000000000001,supported_change,past_only_reference,not_established,3321e417ce63,"30,60"
b5a5baffa26704450e5a,2446852,2026-07-06T23:15:00+00:00,2026-07-06T23:13:30+00:00,0.14009777780606078,0.14,3,2,3142.84,supported_change,past_only_reference,not_established,3321e417ce63,60
e1dfc3aee8d95944442a,2446852,2026-07-06T23:15:30+00:00,2026-07-06T23:14:00+00:00,0.15000000000000002,0.15000000000000002,2,2,110.27,supported_change,past_only_reference,not_established,3321e417ce63,"30,60"
101b2b41d66b7a77727b,2446852,2026-07-06T23:20:30+00:00,2026-07-06T23:19:30+00:00,0.13127359199213637,0.13,5,2,2329.71,supported_change,past_only_reference,not_established,3321e417ce63,30
e999ec80a6a0a538ab04,2446852,2026-07-06T23:21:00+00:00,2026-07-06T23:20:00+00:00,0.14201379353716184,0.14,4,2,954.07,supported_change,past_only_reference,not_established,3321e417ce63,30
92bdfcf08743dc4e32bc,2446852,2026-07-06T23:21:30+00:00,2026-07-06T23:20:00+00:00,0.14365707639007597,0.14,6,3,2398.6099999999997,supported_change,past_only_reference,not_established,3321e417ce63,60
00966c90bc0485bd0017,2446852,2026-07-06T23:22:00+00:00,2026-07-06T23:20:30+00:00,0.13186829927280047,0.13,3,2,695.8199999999999,supported_change,past_only_reference,not_established,3321e417ce63,"30,60"
1b31cf431806b8241181,2446852,2026-07-06T23:22:30+00:00,2026-07-06T23:21:30+00:00,0.13698386367063792,0.14,7,5,397.86,supported_change,past_only_reference,not_established,3321e417ce63,30
e47fab1937f3c9248c37,2446852,2026-07-06T23:25:00+00:00,2026-07-06T23:23:30+00:00,0.14000000000000004,0.14,4,4,1919.02,supported_change,past_only_reference,not_established,3321e417ce63,60
9ea3bddbed0a808970e1,2446852,2026-07-06T23:27:30+00:00,2026-07-06T23:26:00+00:00,0.15000000000000002,0.15000000000000002,2,2,32.09,supported_change,past_only_reference,not_established,3321e417ce63,"30,60"
2cf171b5846fe587f118,2446852,2026-07-06T23:28:00+00:00,2026-07-06T23:27:00+00:00,0.14004365168962143,0.14,3,3,1727.31,supported_change,past_only_reference,not_established,3321e417ce63,30
1ab625d1ffaeffab3da7,2446852,2026-07-06T23:28:30+00:00,2026-07-06T23:27:00+00:00,0.14,0.14,2,2,285.71000000000004,supported_change,past_only_reference,not_established,3321e417ce63,60
9566de495cab702d9994,2446852,2026-07-06T23:29:30+00:00,2026-07-06T23:28:00+00:00,0.15000000000000005,0.15000000000000002,2,2,147.31,supported_change,past_only_reference,not_established,3321e417ce63,60
424b71d8836a845bc6e5,2446852,2026-07-06T23:35:00+00:00,2026-07-06T23:34:00+00:00,0.1580020741056631,0.16000000000000003,11,5,1031.77,supported_change,past_only_reference,not_established,3321e417ce63,30
6ff79f10ae599e00a7c1,2446852,2026-07-06T23:35:30+00:00,2026-07-06T23:34:00+00:00,0.15850280118223128,0.16000000000000003,5,2,453.38,supported_change,past_only_reference,not_established,3321e417ce63,60
24afc9c96f9b184f3754,2446852,2026-07-06T23:39:30+00:00,2026-07-06T23:38:00+00:00,0.1714647488364993,0.17000000000000004,9,3,6615.8099999999995,supported_change,past_only_reference,not_established,3321e417ce63,"30,60"
0a08821e50163737aaca,2446852,2026-07-06T23:40:00+00:00,2026-07-06T23:24:30+00:00,0.18000000000000005,0.18000000000000005,4,4,409.49,supported_change,past_only_reference,not_established,3321e417ce63,"30,60,900"
2c6e193c7124a44c877e,2446852,2026-07-06T23:40:30+00:00,2026-07-06T23:37:00+00:00,0.18000000000000005,0.18000000000000005,5,5,1238.38,supported_change,past_only_reference,not_established,3321e417ce63,"60,180"
e3141778bf50af45dcd3,2446852,2026-07-06T23:41:00+00:00,2026-07-06T23:37:30+00:00,0.18,0.18000000000000005,5,5,5297.550000000001,supported_change,past_only_reference,not_established,3321e417ce63,180
74d3e12ec821078ce4f2,2446852,2026-07-06T23:41:30+00:00,2026-07-06T23:26:00+00:00,0.18000000000000002,0.18000000000000005,3,3,115.81,supported_change,past_only_reference,not_established,3321e417ce63,"180,900"
da19f77c896021a2606f,2446852,2026-07-06T23:42:00+00:00,2026-07-06T23:26:30+00:00,0.18822796001752093,0.18999999999999995,18,3,9885.33,supported_change,past_only_reference,not_established,3321e417ce63,"30,60,180,900"
a59bd0bc79c5711a6b79,2446852,2026-07-06T23:42:30+00:00,2026-07-06T23:27:00+00:00,0.2244285128767173,0.22999999999999998,14,9,4416.11,supported_change,past_only_reference,not_established,3321e417ce63,"30,60,180,300,900"
7c1ac854c3e8efedbf13,2446852,2026-07-06T23:43:00+00:00,2026-07-06T23:27:30+00:00,0.22392492842195583,0.23,9,3,1142.1100000000001,supported_change,past_only_reference,not_established,3321e417ce63,"60,180,300,900"
4ad4b345883e0b01987b,2446852,2026-07-06T23:43:30+00:00,2026-07-06T23:28:00+00:00,0.1889687979595514,0.18999999999999995,9,5,1830.9700000000003,supported_change,past_only_reference,not_established,3321e417ce63,"30,60,180,300,900"
1e22210d5a5138bece97,2446852,2026-07-06T23:44:00+00:00,2026-07-06T23:38:30+00:00,0.18000000000000002,0.18,19,19,1137.8300000000002,supported_change,past_only_reference,not_established,3321e417ce63,"30,60,180,300"
db9946a4272672978c16,2446852,2026-07-06T23:44:30+00:00,2026-07-06T23:39:00+00:00,0.18,0.18,7,7,334.57000000000005,supported_change,past_only_reference,not_established,3321e417ce63,"60,180,300"
2a5268d323e0593eb908,2446852,2026-07-06T23:46:30+00:00,2026-07-06T23:31:00+00:00,0.1899261213720316,0.18999999999999995,4,3,530.6,supported_change,past_only_reference,not_established,3321e417ce63,900
ece9e50cdddf41c233db,2446852,2026-07-06T23:47:00+00:00,2026-07-06T23:46:00+00:00,0.18038143313532667,0.18,4,2,1602.64,supported_change,past_only_reference,not_established,3321e417ce63,30
4d7566a8af774788c8e4,2446852,2026-07-06T23:47:30+00:00,2026-07-06T23:42:00+00:00,0.18999999999999992,0.18999999999999995,2,2,67.95,supported_change,past_only_reference,not_established,3321e417ce63,"30,300"
7708eb4d128e4fb2a39b,2446852,2026-07-06T23:48:00+00:00,2026-07-06T23:32:30+00:00,0.1884295708482052,0.18999999999999995,8,4,15081.609999999999,supported_change,past_only_reference,not_established,3321e417ce63,"60,300,900"
59c091a864686b0921bf,2446852,2026-07-06T23:48:30+00:00,2026-07-06T23:33:00+00:00,0.197460836248116,0.19999999999999996,9,6,10157.99,supported_change,past_only_reference,not_established,3321e417ce63,"30,60,900"
b41121fd342fcb65386a,2446852,2026-07-06T23:49:00+00:00,2026-07-06T23:47:30+00:00,0.2056758850428853,0.19999999999999996,12,2,16123.23,supported_change,past_only_reference,not_established,3321e417ce63,60
306bbdab5924a0bd420d,2446852,2026-07-06T23:50:00+00:00,2026-07-06T23:34:30+00:00,0.2458306900016307,0.25,9,5,1901.0100000000002,supported_change,past_only_reference,not_established,3321e417ce63,"60,180,900"
3340b5e5d0089a55e683,2446852,2026-07-06T23:51:00+00:00,2026-07-06T23:35:30+00:00,0.22799216077537052,0.22999999999999998,10,5,2806.4,supported_change,past_only_reference,not_established,3321e417ce63,"60,180,900"
fddbded8d1c34e5a237d,2446852,2026-07-06T23:53:30+00:00,2026-07-06T23:38:00+00:00,0.24162507042682463,0.24,4,3,656.71,supported_change,past_only_reference,not_established,3321e417ce63,"300,900"
e9e9d50e1785efff7d96,2446852,2026-07-06T23:54:00+00:00,2026-07-06T23:38:30+00:00,0.2616388502976902,0.26,19,7,26596.449999999993,supported_change,past_only_reference,not_established,3321e417ce63,"30,180,300,900"
9a6f9e2f7847a5fa05b0,2446852,2026-07-06T23:54:30+00:00,2026-07-06T23:39:00+00:00,0.2772870206217661,0.28,11,7,14423.109999999999,supported_change,past_only_reference,not_established,3321e417ce63,"30,60,900"
2f08247951b002869fbc,2446852,2026-07-06T23:55:00+00:00,2026-07-06T23:39:30+00:00,0.26000000000000006,0.26,4,4,18.79,supported_change,past_only_reference,not_established,3321e417ce63,"30,60,900"
cf01a8582c4cecefc2bf,2446852,2026-07-06T23:55:30+00:00,2026-07-06T23:40:00+00:00,0.26,0.26,15,15,3186.1,supported_change,past_only_reference,not_established,3321e417ce63,"60,900"
610964994e40f0d27849,2446852,2026-07-06T23:56:00+00:00,2026-07-06T23:40:30+00:00,0.26,0.26,12,12,869.6099999999999,supported_change,past_only_reference,not_established,3321e417ce63,"300,900"
805290f4e29980340463,2446852,2026-07-06T23:56:30+00:00,2026-07-06T23:41:00+00:00,0.2323962082642864,0.23,15,2,15363.939999999999,supported_change,past_only_reference,not_established,3321e417ce63,"30,60,180,900"
96aaa83486e332b62971,2446852,2026-07-06T23:57:30+00:00,2026-07-06T23:54:00+00:00,0.2401992186552134,0.24,4,2,412.11,supported_change,past_only_reference,not_established,3321e417ce63,"60,180"
0334aac2f0ae5dc66a4d,2446852,2026-07-06T23:58:30+00:00,2026-07-06T23:43:00+00:00,0.2461078027179722,0.25,2,2,916.86,supported_change,past_only_reference,not_established,3321e417ce63,"60,900"
57e6a27249f9fda0a1bb,2446852,2026-07-06T23:59:00+00:00,2026-07-06T23:43:30+00:00,0.25,0.25,8,8,1360.76,supported_change,past_only_reference,not_established,3321e417ce63,900
037bc19bdb589f57bb23,2446852,2026-07-07T00:00:30+00:00,2026-07-06T23:57:00+00:00,0.28,0.28,3,3,534.55,supported_change,past_only_reference,not_established,3321e417ce63,180
501db175e01d4e996cf9,2446852,2026-07-07T00:01:30+00:00,2026-07-06T23:46:00+00:00,0.2755811310031259,0.28,3,2,70.38,supported_change,past_only_reference,not_established,3321e417ce63,"180,300,900"
c5e535a84d0643c847e3,2446852,2026-07-07T00:02:00+00:00,2026-07-06T23:46:30+00:00,0.27346124897363383,0.27,5,3,1753.7599999999998,supported_change,past_only_reference,not_established,3321e417ce63,"30,180,900"
8f73a7bfaddf68d420e0,2446852,2026-07-07T00:03:00+00:00,2026-07-06T23:47:30+00:00,0.25,0.25,2,2,82.23,supported_change,past_only_reference,not_established,3321e417ce63,"60,900"
1c1c87f42ae47d9d5794,2446852,2026-07-07T00:03:30+00:00,2026-07-06T23:48:00+00:00,0.2560920453890905,0.26,4,2,868.0500000000001,supported_change,past_only_reference,not_established,3321e417ce63,"30,180,900"
7b10008edf018823c66f,2446852,2026-07-07T00:04:00+00:00,2026-07-06T23:48:30+00:00,0.25998950583985286,0.26,6,5,19687.14,supported_change,past_only_reference,not_established,3321e417ce63,"60,900"
c3080cf2ff0f5643a9dd,2446852,2026-07-07T00:07:00+00:00,2026-07-07T00:03:30+00:00,0.2747549105527411,0.28,5,3,7074.56,supported_change,past_only_reference,not_established,3321e417ce63,"60,180"
64b5ef007acedc4d23b5,2446852,2026-07-07T00:07:30+00:00,2026-07-07T00:06:30+00:00,0.29188105439161055,0.29000000000000004,8,5,9676.86,supported_change,past_only_reference,not_established,3321e417ce63,30
e013728dd888add732a4,2446852,2026-07-07T00:08:00+00:00,2026-07-07T00:02:30+00:00,0.281763099505035,0.28,4,3,58.589999999999996,supported_change,past_only_reference,not_established,3321e417ce63,"30,300"
8aae4f118cb21bc4ae35,2446852,2026-07-07T00:08:30+00:00,2026-07-06T23:53:00+00:00,0.29,0.29,2,2,1940.27,supported_change,past_only_reference,not_established,3321e417ce63,"30,300,900"
9d63bfc9fe4932437de9,2446852,2026-07-07T00:11:00+00:00,2026-07-06T23:55:30+00:00,0.2997967686210751,0.30000000000000004,3,2,787.28,supported_change,past_only_reference,not_established,3321e417ce63,"60,180,300,900"
dc3ad075362dcdeb7a67,2446852,2026-07-07T00:11:30+00:00,2026-07-06T23:56:00+00:00,0.3210009876691009,0.32999999999999996,22,2,668.24,supported_change,past_only_reference,not_established,3321e417ce63,"30,180,900"
f7d34cefb815ace08d1d,2446852,2026-07-07T00:12:00+00:00,2026-07-07T00:10:30+00:00,0.3031681843071244,0.3,7,4,493.09000000000003,supported_change,past_only_reference,not_established,3321e417ce63,"30,60"
b7d13fe126fc6b2fbf4f,2446852,2026-07-07T00:12:30+00:00,2026-07-06T23:57:00+00:00,0.33087720054745795,0.32999999999999996,11,9,11595.41,supported_change,past_only_reference,not_established,3321e417ce63,"30,60,300,900"
efca44ccf5846f1302e7,2446852,2026-07-07T00:13:00+00:00,2026-07-07T00:07:30+00:00,0.31856554808327536,0.31999999999999995,9,6,590.33,supported_change,past_only_reference,not_established,3321e417ce63,"30,60,180,300"
7ea6d400a63f3d53d731,2446852,2026-07-07T00:13:30+00:00,2026-07-06T23:58:00+00:00,0.3176329020832083,0.31999999999999995,9,5,2665.1199999999994,supported_change,past_only_reference,not_established,3321e417ce63,"60,300,900"
81f884a39a1d001d46c3,2446852,2026-07-07T00:15:00+00:00,2026-07-07T00:09:30+00:00,0.36526671648047243,0.37,6,3,3292.2599999999998,supported_change,past_only_reference,not_established,3321e417ce63,"180,300"
5b961a6d3e26bdcee4dd,2446852,2026-07-07T00:15:30+00:00,2026-07-07T00:00:00+00:00,0.371665616352029,0.37,12,4,729.94,supported_change,past_only_reference,not_established,3321e417ce63,"180,900"
a71dfe9eb835637ba5ea,2446852,2026-07-07T00:16:00+00:00,2026-07-07T00:10:30+00:00,0.360147091053155,0.36,10,5,1186.3400000000001,supported_change,past_only_reference,not_established,3321e417ce63,"30,60,180,300"
38bd43e2d36e50bb3a94,2446852,2026-07-07T00:16:30+00:00,2026-07-07T00:01:00+00:00,0.3433071430170349,0.34,6,3,446.73,supported_change,past_only_reference,not_established,3321e417ce63,"30,60,180,900"
7f0784b13dc6d76c4e32,2446852,2026-07-07T00:17:30+00:00,2026-07-07T00:12:00+00:00,0.358090486744523,0.36,9,7,2346.2000000000003,supported_change,past_only_reference,not_established,3321e417ce63,"60,300"
e850d551b8ba3967f9a0,2446852,2026-07-07T00:18:30+00:00,2026-07-07T00:03:00+00:00,0.3523371647509579,0.35,10,2,274.04999999999995,supported_change,past_only_reference,not_established,3321e417ce63,"60,180,300,900"
c4f71384e7454997572a,2446852,2026-07-07T00:19:00+00:00,2026-07-07T00:03:30+00:00,0.35804035515123067,0.36,6,3,1235.53,supported_change,past_only_reference,not_established,3321e417ce63,"30,900"
2ed1233c70f10427f7cb,2446852,2026-07-07T00:19:30+00:00,2026-07-07T00:16:00+00:00,0.36822398305257364,0.37,12,6,2454.65,supported_change,past_only_reference,not_established,3321e417ce63,"30,60,180"
63e2e76631ccd5f6534e,2446852,2026-07-07T00:20:00+00:00,2026-07-07T00:18:30+00:00,0.38227904564315357,0.38,20,15,1349.6,supported_change,past_only_reference,not_established,3321e417ce63,"30,60"
4d5fa0f4bfcbf11baf3c,2446852,2026-07-07T00:20:30+00:00,2026-07-07T00:15:00+00:00,0.4225295946796688,0.43000000000000005,43,13,17806.41,supported_change,past_only_reference,not_established,3321e417ce63,"30,60,180,300"
cb4c10c8d72dd2ae19b9,2446852,2026-07-07T00:21:00+00:00,2026-07-07T00:05:30+00:00,0.467737332519968,0.47,24,14,6327.62,supported_change,past_only_reference,not_established,3321e417ce63,"30,60,300,900"
5d43e5988a0eee3289d0,2446852,2026-07-07T00:21:30+00:00,2026-07-07T00:16:00+00:00,0.422905227560016,0.43000000000000005,7,3,1827.43,supported_change,past_only_reference,not_established,3321e417ce63,"30,60,180,300"
934d3e3089a9666a4b5b,2446852,2026-07-07T00:22:00+00:00,2026-07-07T00:06:30+00:00,0.43618505960110954,0.43000000000000005,4,3,4473.91,supported_change,past_only_reference,not_established,3321e417ce63,"60,180,900"
3bf6172dc4a67640a563,2446852,2026-07-07T00:22:30+00:00,2026-07-07T00:07:00+00:00,0.41177572412082125,0.41,14,4,483.69,supported_change,past_only_reference,not_established,3321e417ce63,"30,60,180,300,900"
d3156a0690372b9ef968,2446852,2026-07-07T00:23:00+00:00,2026-07-07T00:19:30+00:00,0.3198816161494319,0.31,27,5,12269.409999999998,unusual_change,past_only_reference,not_established,3321e417ce63,"30,60,180"
a0864f4741af5c82c9fa,2446852,2026-07-07T00:23:30+00:00,2026-07-07T00:18:00+00:00,0.30775379225879723,0.29000000000000004,14,6,1461.5300000000002,unusual_change,past_only_reference,not_established,3321e417ce63,"30,60,180,300"
3c61b0a6ae106b42ccca,2446852,2026-07-07T00:24:00+00:00,2026-07-07T00:18:30+00:00,0.37840451518346147,0.38,10,4,4666.92,unusual_change,past_only_reference,not_established,3321e417ce63,"30,60,180,300"
e0b378cd795029ffe855,2446852,2026-07-07T00:24:30+00:00,2026-07-07T00:19:00+00:00,0.3704862624794812,0.37,9,8,7803.81,unusual_change,past_only_reference,not_established,3321e417ce63,"30,60,180,300"
df9d7329504392cd96e8,2446852,2026-07-07T00:25:30+00:00,2026-07-07T00:20:00+00:00,0.3888888556940986,0.39,7,3,3681.97,supported_change,past_only_reference,not_established,3321e417ce63,"60,180,300"
e0dfa1a51ad106d247a0,2446852,2026-07-07T00:26:00+00:00,2026-07-07T00:10:30+00:00,0.3992614399152354,0.4,8,3,1661.0700000000002,supported_change,past_only_reference,not_established,3321e417ce63,"30,180,300,900"
5c263814c9372d290f0c,2446852,2026-07-07T00:27:00+00:00,2026-07-07T00:11:30+00:00,0.41536905459938617,0.41,5,3,579.8599999999999,supported_change,past_only_reference,not_established,3321e417ce63,"60,180,900"
b26d8c1c8921911b0e4b,2446852,2026-07-07T00:27:30+00:00,2026-07-07T00:12:00+00:00,0.4,0.4,2,2,10.82,supported_change,past_only_reference,not_established,3321e417ce63,"30,180,900"
8e01196d016544121093,2446852,2026-07-07T00:28:30+00:00,2026-07-07T00:13:00+00:00,0.42442894733254266,0.42000000000000004,6,2,733.47,supported_change,past_only_reference,not_established,3321e417ce63,"60,180,300,900"
f4312d57be08067272ac,2446852,2026-07-07T00:29:00+00:00,2026-07-07T00:23:30+00:00,0.4208104477475082,0.42,8,5,2181.14,supported_change,past_only_reference,not_established,3321e417ce63,"180,300"
e90a9000ca7db864e169,2446852,2026-07-07T00:29:30+00:00,2026-07-07T00:24:00+00:00,0.42000000000000004,0.42,2,2,207.14,supported_change,past_only_reference,not_established,3321e417ce63,300
6175885db9d29d83bee3,2446852,2026-07-07T00:31:00+00:00,2026-07-07T00:15:30+00:00,0.42,0.42,2,2,120.95,supported_change,past_only_reference,not_established,3321e417ce63,900
29dbf725755e0522a835,2446852,2026-07-07T00:32:30+00:00,2026-07-07T00:17:00+00:00,0.42000000000000004,0.42,13,13,931.8399999999999,supported_change,past_only_reference,not_established,3321e417ce63,900
59f6c8363796528a53a7,2446852,2026-07-07T00:33:00+00:00,2026-07-07T00:31:30+00:00,0.4302908565363684,0.43000000000000005,6,2,1328.49,supported_change,past_only_reference,not_established,3321e417ce63,"30,60"
2737f1df486007e5712d,2446852,2026-07-07T00:34:00+00:00,2026-07-07T00:18:30+00:00,0.4899653875323151,0.49,11,8,7225.719999999999,supported_change,past_only_reference,not_established,3321e417ce63,"60,180,300,900"
b4f512c20a4065993bf9,2446852,2026-07-07T00:34:30+00:00,2026-07-07T00:19:00+00:00,0.48979142600711983,0.49,8,4,4657.34,supported_change,past_only_reference,not_established,3321e417ce63,"300,900"
c1efd2e854547ec98a79,2446852,2026-07-07T00:35:30+00:00,2026-07-07T00:20:00+00:00,0.517157420367307,0.52,13,7,4715.400000000001,supported_change,past_only_reference,not_established,3321e417ce63,"60,180,900"
e22cf360c95307b21fde,2446852,2026-07-07T00:36:00+00:00,2026-07-07T00:20:30+00:00,0.5752920048035556,0.58,22,17,6461.88,supported_change,past_only_reference,not_established,3321e417ce63,"30,180,300,900"
3716aa551d4c24a45f5c,2446852,2026-07-07T00:37:30+00:00,2026-07-07T00:22:00+00:00,0.4947832737050124,0.49,40,2,6806.05,supported_change,past_only_reference,not_established,3321e417ce63,"300,900"
0574afcc755bfa6af04b,2446852,2026-07-07T00:38:00+00:00,2026-07-07T00:22:30+00:00,0.49,0.49,4,4,6018.57,supported_change,past_only_reference,not_established,3321e417ce63,"300,900"
c9c6771b06ae59ce1156,2446852,2026-07-07T00:39:30+00:00,2026-07-07T00:34:00+00:00,0.40060108496094765,0.4,19,6,3856.36,supported_change,past_only_reference,not_established,3321e417ce63,300
73ba33a4f9eb742285db,2446852,2026-07-07T00:40:00+00:00,2026-07-07T00:39:00+00:00,0.408402320839202,0.41000000000000003,7,4,475.69,supported_change,past_only_reference,not_established,3321e417ce63,30
42c4c712ae186bbffbeb,2446852,2026-07-07T00:40:30+00:00,2026-07-07T00:35:00+00:00,0.4143877040778059,0.41,3,2,799.94,supported_change,past_only_reference,not_established,3321e417ce63,"60,180,300"
bc2b1bc55eff3137c541,2446852,2026-07-07T00:43:00+00:00,2026-07-07T00:37:30+00:00,0.420195798171245,0.42,9,8,2553.65,supported_change,past_only_reference,not_established,3321e417ce63,"60,300"
b864b108f3f963778887,2446852,2026-07-07T00:44:00+00:00,2026-07-07T00:42:30+00:00,0.3987708537986188,0.4,10,3,10821.17,supported_change,past_only_reference,not_established,3321e417ce63,"30,60"
302da03c2723c9a45e42,2446852,2026-07-07T00:44:30+00:00,2026-07-07T00:29:00+00:00,0.3800281437339357,0.38,17,16,5326.23,supported_change,past_only_reference,not_established,3321e417ce63,"30,60,900"
09921d37a3e91986b710,2446852,2026-07-07T00:45:00+00:00,2026-07-07T00:39:30+00:00,0.38466426965539935,0.38,12,7,3585.02,supported_change,past_only_reference,not_established,3321e417ce63,"60,180,300"
d53d1f3aaaf769cd5798,2446852,2026-07-07T00:46:00+00:00,2026-07-07T00:42:30+00:00,0.3982022224494129,0.4,7,2,1271.5700000000002,supported_change,past_only_reference,not_established,3321e417ce63,"60,180"
0f111531beb9ffde475e,2446852,2026-07-07T00:47:30+00:00,2026-07-07T00:32:00+00:00,0.3675352843670539,0.37,7,4,2485.5200000000004,supported_change,past_only_reference,not_established,3321e417ce63,900
976ad142f0de244ac162,2446852,2026-07-07T00:48:00+00:00,2026-07-07T00:32:30+00:00,0.36949659868511575,0.37,11,10,2979.73,supported_change,past_only_reference,not_established,3321e417ce63,"300,900"
39a9055cd5e2b12ea9a4,2446852,2026-07-07T00:48:30+00:00,2026-07-07T00:43:00+00:00,0.37002664499792126,0.37,3,2,529.1800000000001,supported_change,past_only_reference,not_established,3321e417ce63,300
e10a9b18bd875355317e,2446852,2026-07-07T00:49:00+00:00,2026-07-07T00:33:30+00:00,0.37000000000000005,0.37,2,2,21.59,supported_change,past_only_reference,not_established,3321e417ce63,"180,300,900"
59fec7857b978bff05aa,2446852,2026-07-07T00:50:30+00:00,2026-07-07T00:35:00+00:00,0.37110522867252,0.37,9,6,381.55,supported_change,past_only_reference,not_established,3321e417ce63,900
69ae8762ed1cb0f6ac11,2446852,2026-07-07T00:51:00+00:00,2026-07-07T00:35:30+00:00,0.37017556179775285,0.37,6,5,284.79999999999995,supported_change,past_only_reference,not_established,3321e417ce63,"300,900"
f2afe79bb977fe7bb25c,2446852,2026-07-07T00:52:30+00:00,2026-07-07T00:37:00+00:00,0.36000000000000004,0.36,3,3,384.65999999999997,supported_change,past_only_reference,not_established,3321e417ce63,"60,900"
db4174bbe887a29d53f7,2446852,2026-07-07T00:54:00+00:00,2026-07-07T00:50:30+00:00,0.35,0.35,2,2,1227.03,supported_change,past_only_reference,not_established,3321e417ce63,"30,180"
5e8a01db447537009832,2446852,2026-07-07T00:54:30+00:00,2026-07-07T00:39:00+00:00,0.3400000000000001,0.34,4,4,826.8599999999999,supported_change,past_only_reference,not_established,3321e417ce63,"30,60,180,900"
7acf3fb53c6879f493b3,2446852,2026-07-07T00:55:00+00:00,2026-07-07T00:39:30+00:00,0.34,0.34,6,6,368.29,supported_change,past_only_reference,not_established,3321e417ce63,"60,300,900"
9b0c0613d5ef0b258351,2446852,2026-07-07T00:55:30+00:00,2026-07-07T00:40:00+00:00,0.34,0.34,7,7,860.69,supported_change,past_only_reference,not_established,3321e417ce63,"180,300,900"
2b9af6fd0205f53c1779,2446852,2026-07-07T00:56:30+00:00,2026-07-07T00:51:00+00:00,0.31542490730600425,0.32,8,3,14208.039999999999,supported_change,past_only_reference,not_established,3321e417ce63,"60,180,300"
4112707c62ba18c53163,2446852,2026-07-07T00:57:00+00:00,2026-07-07T00:41:30+00:00,0.300340204535499,0.3,14,13,7122.48,supported_change,past_only_reference,not_established,3321e417ce63,"30,180,900"
f6152763c7a1c04f0d18,2446852,2026-07-07T00:57:30+00:00,2026-07-07T00:52:00+00:00,0.31177678508369233,0.31,4,3,566.3599999999999,supported_change,past_only_reference,not_established,3321e417ce63,"30,60,180,300"
dd623c1c19bcf38fe1e4,2446852,2026-07-07T00:58:00+00:00,2026-07-07T00:42:30+00:00,0.3122111580752396,0.31,4,3,1329.62,supported_change,past_only_reference,not_established,3321e417ce63,"60,180,900"
43f52ed9b52ff56a5045,2446852,2026-07-07T00:59:00+00:00,2026-07-07T00:43:30+00:00,0.2912816458110789,0.29,7,4,5242.4,supported_change,past_only_reference,not_established,3321e417ce63,"60,300,900"
da1954558562cbeae461,2446852,2026-07-07T00:59:30+00:00,2026-07-07T00:44:00+00:00,0.26371714353564607,0.26,9,2,6695.41,supported_change,past_only_reference,not_established,3321e417ce63,"30,180,300,900"
13a0c5736b859b4672f8,2446852,2026-07-07T01:01:30+00:00,2026-07-07T00:56:00+00:00,0.29,0.29,4,4,40.57,supported_change,past_only_reference,not_established,3321e417ce63,300
0de0e78b91b868a10059,2446852,2026-07-07T01:02:00+00:00,2026-07-07T01:01:00+00:00,0.30486043896954595,0.30000000000000004,4,2,1022.85,supported_change,past_only_reference,not_established,3321e417ce63,30
29ea0558075f803d17a9,2446852,2026-07-07T01:02:30+00:00,2026-07-07T00:57:00+00:00,0.33802736376221426,0.33999999999999997,12,5,4948.15,supported_change,past_only_reference,not_established,3321e417ce63,"30,60,180,300"
1816c230f1c889d6d521,2446852,2026-07-07T01:03:00+00:00,2026-07-07T00:57:30+00:00,0.3408310648518815,0.34,7,6,187.35000000000002,supported_change,past_only_reference,not_established,3321e417ce63,"60,300"
492dd7679e0451e1439e,2446852,2026-07-07T01:03:30+00:00,2026-07-07T00:48:00+00:00,0.33,0.33,2,2,28.97,supported_change,past_only_reference,not_established,3321e417ce63,"30,60,900"
8c93adf9e437d7aa6e8d,2446852,2026-07-07T01:05:30+00:00,2026-07-07T00:50:00+00:00,0.32046969319510193,0.32,6,4,3130.9799999999996,supported_change,past_only_reference,not_established,3321e417ce63,"180,900"
22ba6d860546cb3fb39e,2446852,2026-07-07T01:06:00+00:00,2026-07-07T00:50:30+00:00,0.32072477547418893,0.32,5,2,1461.97,supported_change,past_only_reference,not_established,3321e417ce63,"180,900"
03cd10232fe13c6ac96d,2446852,2026-07-07T01:06:30+00:00,2026-07-07T00:51:00+00:00,0.32000000000000006,0.32,6,6,3095.05,supported_change,past_only_reference,not_established,3321e417ce63,"300,900"
0ed58d22539a90261ae1,2446852,2026-07-07T01:07:30+00:00,2026-07-07T01:06:00+00:00,0.3298260678764299,0.33,14,6,3053.4900000000002,supported_change,past_only_reference,not_established,3321e417ce63,60
fb17f4d52a618e60dc45,2446852,2026-07-07T01:08:00+00:00,2026-07-07T01:02:30+00:00,0.31484407411313853,0.31,8,2,6257.46,supported_change,past_only_reference,not_established,3321e417ce63,"30,300"
ef815dc317bb4b04ab61,2446852,2026-07-07T01:08:30+00:00,2026-07-07T01:07:00+00:00,0.3298509560559048,0.33,8,2,1131.21,supported_change,past_only_reference,not_established,3321e417ce63,"30,60"
efe108a5e67681761142,2446852,2026-07-07T01:09:00+00:00,2026-07-07T01:05:30+00:00,0.33639305232400846,0.33999999999999997,4,3,184.81,supported_change,past_only_reference,not_established,3321e417ce63,"30,60,180"
4a95a13b3cc1e9f4f11b,2446852,2026-07-07T01:09:30+00:00,2026-07-07T01:06:00+00:00,0.3357041136679937,0.33999999999999997,5,2,308.96999999999997,supported_change,past_only_reference,not_established,3321e417ce63,"60,180"
81ae497886cf316cd495,2446852,2026-07-07T01:10:00+00:00,2026-07-07T01:08:30+00:00,0.33,0.33,2,2,16.54,supported_change,past_only_reference,not_established,3321e417ce63,"30,60"
52fc13d6ae4bbc674be2,2446852,2026-07-07T01:10:30+00:00,2026-07-07T01:07:00+00:00,0.32,0.32,3,3,91.19,supported_change,past_only_reference,not_established,3321e417ce63,"30,60,180"
b7122b6f765c700dfb6d,2446852,2026-07-07T01:12:00+00:00,2026-07-07T00:56:30+00:00,0.35925209851489714,0.36,3,2,1084.1,supported_change,past_only_reference,not_established,3321e417ce63,"180,900"
f82a018110b461578bc9,2446852,2026-07-07T01:13:00+00:00,2026-07-07T00:57:30+00:00,0.39276904408341584,0.39,11,4,13811.77,supported_change,past_only_reference,not_established,3321e417ce63,"60,180,300,900"
a388ea87f3b9120da207,2446852,2026-07-07T01:13:30+00:00,2026-07-07T01:08:00+00:00,0.4081688100794008,0.41,6,2,5129.67,supported_change,past_only_reference,not_established,3321e417ce63,"30,180,300"
496299b1b9ef2d192db3,2446852,2026-07-07T01:14:00+00:00,2026-07-07T00:58:30+00:00,0.41937370775534755,0.42,9,5,532.02,supported_change,past_only_reference,not_established,3321e417ce63,"30,60,300,900"
948bd897772f90623211,2446852,2026-07-07T01:14:30+00:00,2026-07-07T00:59:00+00:00,0.3861813048482233,0.39,3,2,556.08,supported_change,past_only_reference,not_established,3321e417ce63,"30,60,300,900"
c7275a7985bba75cd632,2446852,2026-07-07T01:15:30+00:00,2026-07-07T01:10:00+00:00,0.3670748039116289,0.37,13,7,2169.94,supported_change,past_only_reference,not_established,3321e417ce63,"60,300"
77afea2c44dfbc70238b,2446852,2026-07-07T01:16:00+00:00,2026-07-07T01:12:30+00:00,0.3596058487993394,0.36,10,5,3718.3700000000003,supported_change,past_only_reference,not_established,3321e417ce63,"30,180"
d9d5ab549b7b66cbf9e8,2446852,2026-07-07T01:16:30+00:00,2026-07-07T01:01:00+00:00,0.3687885762742663,0.37,4,3,330.19,supported_change,past_only_reference,not_established,3321e417ce63,"30,180,900"
b9d5f8ac366b43dbb8ac,2446852,2026-07-07T01:17:00+00:00,2026-07-07T01:01:30+00:00,0.369852959196177,0.37,3,2,2040.25,supported_change,past_only_reference,not_established,3321e417ce63,"60,180,900"
83b6348140b7ee7eb386,2446852,2026-07-07T01:17:30+00:00,2026-07-07T01:14:00+00:00,0.3720090924624218,0.37,6,3,10124.869999999999,supported_change,past_only_reference,not_established,3321e417ce63,180
5f5691562e339b33d065,2446852,2026-07-07T01:18:00+00:00,2026-07-07T01:02:30+00:00,0.4,0.4,2,2,750.0,supported_change,past_only_reference,not_established,3321e417ce63,"30,60,900"
8b722a24a35733668b26,2446852,2026-07-07T01:18:30+00:00,2026-07-07T01:03:00+00:00,0.39000000000000007,0.39,5,5,5090.16,supported_change,past_only_reference,not_established,3321e417ce63,"30,60,180,900"
59d5e8ce04b5b12d576b,2446852,2026-07-07T01:19:00+00:00,2026-07-07T01:13:30+00:00,0.37257023346833146,0.37,5,2,6244.53,supported_change,past_only_reference,not_established,3321e417ce63,"30,60,180,300"
a53ab6b57da46f3f2ae6,2446852,2026-07-07T01:19:30+00:00,2026-07-07T01:16:00+00:00,0.37000000000000005,0.37,2,2,1000.0,supported_change,past_only_reference,not_established,3321e417ce63,"60,180"
de8393a0cb8b6409cb1b,2446852,2026-07-07T01:20:30+00:00,2026-07-07T01:05:00+00:00,0.3659880705394191,0.37,6,3,231.36,supported_change,past_only_reference,not_established,3321e417ce63,900
c7e20d8911f1e7443236,2446852,2026-07-07T01:21:30+00:00,2026-07-07T01:06:00+00:00,0.37,0.37,2,2,3084.45,supported_change,past_only_reference,not_established,3321e417ce63,"180,900"
4967151d809cafc0f114,2446852,2026-07-07T01:22:00+00:00,2026-07-07T01:21:00+00:00,0.38,0.38,2,2,200.0,supported_change,past_only_reference,not_established,3321e417ce63,30
f1facc878f9f765559b6,2446852,2026-07-07T01:25:30+00:00,2026-07-07T01:10:00+00:00,0.36,0.36,5,5,118.48,supported_change,past_only_reference,not_established,3321e417ce63,900
0b070843470abfddf376,2446852,2026-07-07T01:29:00+00:00,2026-07-07T01:13:30+00:00,0.35000000000000003,0.35,3,3,1157.28,supported_change,past_only_reference,not_established,3321e417ce63,900
25bc1251c1bfaf867b50,2446852,2026-07-07T01:29:30+00:00,2026-07-07T01:14:00+00:00,0.3501821209419416,0.35,3,2,762.68,supported_change,past_only_reference,not_established,3321e417ce63,900
6c5a2279b05e9cf69b9e,2446852,2026-07-07T01:31:30+00:00,2026-07-07T01:30:30+00:00,0.35987311222437557,0.36,4,3,1093.88,supported_change,past_only_reference,not_established,3321e417ce63,30
4a30c33189fe70f7287e,2446852,2026-07-07T01:33:00+00:00,2026-07-07T01:17:30+00:00,0.36,0.36,2,2,30.0,supported_change,past_only_reference,not_established,3321e417ce63,900
5c461dc01952b962f3de,2446852,2026-07-07T01:34:00+00:00,2026-07-07T01:28:30+00:00,0.3868830352551283,0.38,5,3,17501.0,supported_change,past_only_reference,not_established,3321e417ce63,"60,180,300"
4271b0433c4fdcdb01cc,2446852,2026-07-07T01:35:00+00:00,2026-07-07T01:33:30+00:00,0.41000000000000003,0.41000000000000003,4,4,235.96999999999997,supported_change,past_only_reference,not_established,3321e417ce63,60
c2bb1e701de14b6f96a0,2446852,2026-07-07T01:37:00+00:00,2026-07-07T01:33:30+00:00,0.40985202554266786,0.41000000000000003,4,3,878.5300000000001,supported_change,past_only_reference,not_established,3321e417ce63,180
2113c5467850b9e0cccc,2446852,2026-07-07T01:40:00+00:00,2026-07-07T01:36:30+00:00,0.39,0.39,2,2,55.59,supported_change,past_only_reference,not_established,3321e417ce63,180
8b8adf7213a9bd8380b4,2446852,2026-07-07T01:40:30+00:00,2026-07-07T01:39:30+00:00,0.3772580219780221,0.38,2,2,113.74999999999999,supported_change,past_only_reference,not_established,3321e417ce63,30
e30be2b28e475150a250,2446852,2026-07-07T01:45:00+00:00,2026-07-07T01:39:30+00:00,0.36020349690586073,0.36,5,2,851.6099999999999,supported_change,past_only_reference,not_established,3321e417ce63,300
71e98a554a913aeb97c2,2446852,2026-07-07T01:46:30+00:00,2026-07-07T01:45:30+00:00,0.3698730116294613,0.37,5,3,1122.15,supported_change,past_only_reference,not_established,3321e417ce63,30
a4cd53fd10e054ddc3b5,2446852,2026-07-07T01:57:30+00:00,2026-07-07T01:56:30+00:00,0.4099186114110124,0.41000000000000003,3,2,240.82,supported_change,past_only_reference,not_established,3321e417ce63,30
b8dd14444521d3bbf5b6,2446852,2026-07-07T02:00:00+00:00,2026-07-07T01:58:30+00:00,0.38935823985364204,0.39,3,2,207.71,supported_change,past_only_reference,not_established,3321e417ce63,60
8200ede271ae11adc487,2446852,2026-07-07T02:00:30+00:00,2026-07-07T01:57:00+00:00,0.39,0.39,2,2,11.24,supported_change,past_only_reference,not_established,3321e417ce63,180
fd1ff9d546a68d6addb0,2446852,2026-07-07T02:01:00+00:00,2026-07-07T01:59:30+00:00,0.38242338578802443,0.38,4,2,2865.33,supported_change,past_only_reference,not_established,3321e417ce63,"30,60"
c6a4b7a93bd1b21a28aa,2446852,2026-07-07T02:01:30+00:00,2026-07-07T02:00:00+00:00,0.35787250048109726,0.36,4,3,6287.71,supported_change,past_only_reference,not_established,3321e417ce63,"30,60"
9d590cb3cbd9cc08348e,2446852,2026-07-07T02:02:00+00:00,2026-07-07T01:56:30+00:00,0.35,0.35,3,3,5284.84,supported_change,past_only_reference,not_established,3321e417ce63,"30,60,180,300"
b52632ea1cc0f100d68f,2446852,2026-07-07T02:02:30+00:00,2026-07-07T01:57:00+00:00,0.3409391452931298,0.34,4,2,5114.97,supported_change,past_only_reference,not_established,3321e417ce63,"30,60,300"
7a5f6a3ca5a5990d2feb,2446852,2026-07-07T02:03:00+00:00,2026-07-07T01:59:30+00:00,0.34492254109167625,0.34,6,2,910.16,supported_change,past_only_reference,not_established,3321e417ce63,"60,180"
8e6ee929c91f03aaee7f,2446852,2026-07-07T02:05:00+00:00,2026-07-07T01:59:30+00:00,0.3301878823014399,0.33,3,2,1690.4199999999998,supported_change,past_only_reference,not_established,3321e417ce63,"180,300"
03387d07ddb70848f969,2446852,2026-07-07T02:05:30+00:00,2026-07-07T02:00:00+00:00,0.34001454402816095,0.34,5,4,3926.01,supported_change,past_only_reference,not_established,3321e417ce63,"30,300"
2b72b1e4c9944fbcd938,2446852,2026-07-07T02:06:00+00:00,2026-07-07T02:00:30+00:00,0.34226314955640047,0.34,5,4,252.48000000000005,supported_change,past_only_reference,not_established,3321e417ce63,"60,300"
e63189fa0d72d3c36b14,2446852,2026-07-07T02:06:30+00:00,2026-07-07T02:05:00+00:00,0.35000000000000003,0.35,2,2,22.909999999999997,supported_change,past_only_reference,not_established,3321e417ce63,"30,60"
5b1f7266d31b6c7368a0,2446852,2026-07-07T02:07:30+00:00,2026-07-07T02:06:00+00:00,0.33,0.33,4,4,1361.83,supported_change,past_only_reference,not_established,3321e417ce63,60
e3eca5a1ee371fc2fa56,2446852,2026-07-07T02:08:30+00:00,2026-07-07T02:05:00+00:00,0.2590282195070516,0.26,11,2,4647.14,supported_change,past_only_reference,not_established,3321e417ce63,"60,180"
42d8c1da8c4a47543195,2446852,2026-07-07T02:09:30+00:00,2026-07-07T02:06:00+00:00,0.31,0.31,2,2,427.97,supported_change,past_only_reference,not_established,3321e417ce63,"60,180"
8585de278583ac066a75,2446852,2026-07-07T02:10:00+00:00,2026-07-07T02:04:30+00:00,0.3000610933920309,0.3,5,4,222.60999999999999,supported_change,past_only_reference,not_established,3321e417ce63,"30,300"
667593f47aaf604d4c50,2446852,2026-07-07T02:10:30+00:00,2026-07-07T02:05:00+00:00,0.31000000000000005,0.31000000000000005,2,2,23.98,supported_change,past_only_reference,not_established,3321e417ce63,"30,180,300"
345eebcdb7b4c424aa37,2446852,2026-07-07T02:11:00+00:00,2026-07-07T02:05:30+00:00,0.3001106164383561,0.3,4,3,292.00000000000006,supported_change,past_only_reference,not_established,3321e417ce63,"30,300"
f3303954f135f67b1345,2446852,2026-07-07T02:11:30+00:00,2026-07-07T02:06:00+00:00,0.2770448053218548,0.28,5,2,255.55,supported_change,past_only_reference,not_established,3321e417ce63,"30,60,180,300"
5d52350f2b7976c61908,2446852,2026-07-07T02:12:00+00:00,2026-07-07T01:56:30+00:00,0.2619210620648886,0.26,4,3,3180.2200000000003,supported_change,past_only_reference,not_established,3321e417ce63,"30,60,900"
6070b387d8fdf888960f,2446852,2026-07-07T02:12:30+00:00,2026-07-07T01:57:00+00:00,0.2737446915384264,0.27,2,2,875.96,supported_change,past_only_reference,not_established,3321e417ce63,"30,60,180,300,900"
d2e90ebb44545cd06675,2446852,2026-07-07T02:14:00+00:00,2026-07-07T01:58:30+00:00,0.26086824397655745,0.26,4,3,2303.5,supported_change,past_only_reference,not_established,3321e417ce63,"180,900"
a21807e3a3327512b671,2446852,2026-07-07T02:14:30+00:00,2026-07-07T02:09:00+00:00,0.26999999999999996,0.27,3,3,3589.7500000000005,supported_change,past_only_reference,not_established,3321e417ce63,"30,300"
b89d6326bdbfc56dfe2f,2446852,2026-07-07T02:15:00+00:00,2026-07-07T01:59:30+00:00,0.26970469296259025,0.27,6,2,3687.01,supported_change,past_only_reference,not_established,3321e417ce63,"60,300,900"
8c2606fdbb56d2748333,2446852,2026-07-07T02:15:30+00:00,2026-07-07T02:00:00+00:00,0.27475905755440805,0.27,7,3,478.33,supported_change,past_only_reference,not_established,3321e417ce63,"300,900"
a1274cc2ba0a3a805b68,2446852,2026-07-07T02:16:00+00:00,2026-07-07T02:00:30+00:00,0.27324329815517867,0.27,11,3,1722.6599999999999,supported_change,past_only_reference,not_established,3321e417ce63,"300,900"
a31929c45865c2ae326c,2446852,2026-07-07T02:16:30+00:00,2026-07-07T02:01:00+00:00,0.26000000000000006,0.26,3,3,5200.2699999999995,supported_change,past_only_reference,not_established,3321e417ce63,"30,60,900"
af63ae057c0519e5d8dc,2446852,2026-07-07T02:17:30+00:00,2026-07-07T02:02:00+00:00,0.25999999999999995,0.26,3,3,125.27000000000001,supported_change,past_only_reference,not_established,3321e417ce63,900
79a58267017415e96e0b,2446852,2026-07-07T02:20:00+00:00,2026-07-07T02:04:30+00:00,0.2501279219967499,0.25,4,2,479.97999999999996,supported_change,past_only_reference,not_established,3321e417ce63,"60,900"
72cbfd6ba8929ec35afe,2446852,2026-07-07T02:22:30+00:00,2026-07-07T02:07:00+00:00,0.2475145997369284,0.25,4,2,2714.09,supported_change,past_only_reference,not_established,3321e417ce63,900
992f31451d4a8ca2e34e,2446852,2026-07-07T02:24:30+00:00,2026-07-07T02:09:00+00:00,0.23932632659369815,0.24,8,2,3332.03,supported_change,past_only_reference,not_established,3321e417ce63,"30,60,900"
3d1a782ed078d5bb00f0,2446852,2026-07-07T02:26:00+00:00,2026-07-07T02:10:30+00:00,0.24000000000000002,0.24,3,3,286.32,supported_change,past_only_reference,not_established,3321e417ce63,900
10c08406f3a57c275467,2446852,2026-07-07T02:27:00+00:00,2026-07-07T02:11:30+00:00,0.21999662255307417,0.22,7,3,10155.6,supported_change,past_only_reference,not_established,3321e417ce63,"60,180,900"
913185bee22f3bb848c3,2446852,2026-07-07T02:28:00+00:00,2026-07-07T02:22:30+00:00,0.20990478245370453,0.20999999999999996,9,4,2131.96,supported_change,past_only_reference,not_established,3321e417ce63,"60,300"
e8814868c62e7c9ff70c,2446852,2026-07-07T02:28:30+00:00,2026-07-07T02:27:30+00:00,0.22464906318155467,0.22999999999999998,5,2,2398.01,supported_change,past_only_reference,not_established,3321e417ce63,30
99c2c41a25a26b139e68,2446852,2026-07-07T02:29:00+00:00,2026-07-07T02:27:30+00:00,0.22964567403428454,0.22999999999999998,3,2,5644.52,supported_change,past_only_reference,not_established,3321e417ce63,60
b33183fb9f6a9948ca99,2446852,2026-07-07T02:30:00+00:00,2026-07-07T02:14:30+00:00,0.22,0.22,2,2,23.32,supported_change,past_only_reference,not_established,3321e417ce63,"60,900"
7a8420756d44402d7eed,2446852,2026-07-07T02:30:30+00:00,2026-07-07T02:15:00+00:00,0.21999999999999997,0.22,3,3,1911.47,supported_change,past_only_reference,not_established,3321e417ce63,900
31006fa315d25a023ba9,2446852,2026-07-07T02:31:00+00:00,2026-07-07T02:15:30+00:00,0.21999999999999997,0.22,4,4,128.22000000000003,supported_change,past_only_reference,not_established,3321e417ce63,900
b99173aacb3f20eb11cc,2446852,2026-07-07T02:31:30+00:00,2026-07-07T02:16:00+00:00,0.22,0.22,17,17,2438.71,supported_change,past_only_reference,not_established,3321e417ce63,900
5b66724cab43a301698f,2446852,2026-07-07T02:36:00+00:00,2026-07-07T02:30:30+00:00,0.2489040014040014,0.25,4,3,113.96,supported_change,past_only_reference,not_established,3321e417ce63,300
252dcda37f9d5b213938,2446852,2026-07-07T02:37:00+00:00,2026-07-07T02:31:30+00:00,0.25,0.25,2,2,996.88,supported_change,past_only_reference,not_established,3321e417ce63,300
08940d09964dda97481d,2446852,2026-07-07T02:37:30+00:00,2026-07-07T02:34:00+00:00,0.2589128131021195,0.27,4,2,207.6,supported_change,past_only_reference,not_established,3321e417ce63,"30,180"
c53f298c36a48912c751,2446852,2026-07-07T02:38:00+00:00,2026-07-07T02:36:30+00:00,0.26999999999999996,0.27,2,2,129.60000000000002,supported_change,past_only_reference,not_established,3321e417ce63,60
d4444f09a693f56f6d14,2446852,2026-07-07T02:38:30+00:00,2026-07-07T02:33:00+00:00,0.25,0.25,2,2,268.89,supported_change,past_only_reference,not_established,3321e417ce63,"30,60,300"
b17cc7f8d82cbac28cef,2446852,2026-07-07T02:40:30+00:00,2026-07-07T02:37:00+00:00,0.24370983061579865,0.24,4,3,126.34,supported_change,past_only_reference,not_established,3321e417ce63,180
37511c2eab1080195b3c,2446852,2026-07-07T02:42:30+00:00,2026-07-07T02:37:00+00:00,0.24744091156380338,0.24,3,2,1323.44,supported_change,past_only_reference,not_established,3321e417ce63,300
f91ad33485257805ad8c,2446852,2026-07-07T03:05:30+00:00,2026-07-07T03:04:30+00:00,0.26,0.26,4,4,18.57,supported_change,past_only_reference,not_established,3321e417ce63,30
378f16487a9537d0b5a5,2446852,2026-07-07T03:06:00+00:00,2026-07-07T03:04:30+00:00,0.25,0.25,5,5,520.23,supported_change,past_only_reference,not_established,3321e417ce63,"30,60"
37a9921c2f395f221d67,2446852,2026-07-07T03:06:30+00:00,2026-07-07T03:05:00+00:00,0.2542966927734533,0.25,3,2,6662.38,supported_change,past_only_reference,not_established,3321e417ce63,60
e37bfc5245c6e30526f9,2446852,2026-07-07T03:08:30+00:00,2026-07-07T03:05:00+00:00,0.24,0.24,2,2,60.54,supported_change,past_only_reference,not_established,3321e417ce63,180
1029281036d8a6480c30,2446852,2026-07-07T03:09:00+00:00,2026-07-07T03:05:30+00:00,0.23070008873114464,0.23,3,3,1465.1,supported_change,past_only_reference,not_established,3321e417ce63,"30,180"
7ade56aaacb05ffd6b3a,2446852,2026-07-07T03:09:30+00:00,2026-07-07T03:06:00+00:00,0.23013261620174782,0.23,4,2,2383.5699999999997,supported_change,past_only_reference,not_established,3321e417ce63,"60,180"
78aa31d572209757e02c,2446852,2026-07-07T03:34:00+00:00,2026-07-07T03:18:30+00:00,0.2,0.2,2,2,3016.29,supported_change,past_only_reference,not_established,3321e417ce63,"60,900"
b18b7703c2a49f3e6b65,2446852,2026-07-07T03:37:00+00:00,2026-07-07T03:35:30+00:00,0.19609670273005927,0.19,14,9,2094.4599999999996,supported_change,past_only_reference,not_established,3321e417ce63,60
e87fe8ba453ab1181d8c,2446852,2026-07-07T03:37:30+00:00,2026-07-07T03:32:00+00:00,0.17811007776897167,0.18,9,4,4845.12,supported_change,past_only_reference,not_established,3321e417ce63,"30,300"
4937a07d484987e5b2c1,2446852,2026-07-07T03:38:00+00:00,2026-07-07T03:32:30+00:00,0.1742354327293443,0.17,9,3,1544.73,supported_change,past_only_reference,not_established,3321e417ce63,"30,60,300"
e92a82ef7234b4e76bed,2446852,2026-07-07T03:38:30+00:00,2026-07-07T03:37:00+00:00,0.17563961445558907,0.17,11,8,5158.420000000001,supported_change,past_only_reference,not_established,3321e417ce63,60
265ae319c4e5e57ef7a2,2446852,2026-07-07T03:39:00+00:00,2026-07-07T03:35:30+00:00,0.1825240613890575,0.18,4,2,115.32999999999998,supported_change,past_only_reference,not_established,3321e417ce63,"30,60,180"
e7e7baa73b6edab33997,2446852,2026-07-07T03:40:00+00:00,2026-07-07T03:36:30+00:00,0.17,0.17,5,5,514.56,supported_change,past_only_reference,not_established,3321e417ce63,"60,180"
35f23ddfcab7b5b179cb,2446852,2026-07-07T03:49:30+00:00,2026-07-07T03:48:00+00:00,0.17076086956521744,0.17000000000000004,3,2,2512.52,supported_change,past_only_reference,not_established,3321e417ce63,60
aab099a4bad92bed6674,2446852,2026-07-07T03:50:00+00:00,2026-07-07T03:49:00+00:00,0.17937851309788955,0.18000000000000005,10,7,6977.46,supported_change,past_only_reference,not_established,3321e417ce63,30
83f95d4e874ccbadc8d9,2446852,2026-07-07T03:56:30+00:00,2026-07-07T03:55:30+00:00,0.20735446393232232,0.20999999999999996,5,5,2501.27,supported_change,past_only_reference,not_established,3321e417ce63,30
054967147ffec8e44111,2446852,2026-07-07T03:57:00+00:00,2026-07-07T03:53:30+00:00,0.21824105747230588,0.21999999999999997,10,5,4414.3,supported_change,past_only_reference,not_established,3321e417ce63,"30,60,180"
c9ef5263183abb80b640,2446852,2026-07-07T03:57:30+00:00,2026-07-07T03:56:30+00:00,0.21278717038892364,0.21,3,2,287.46000000000004,supported_change,past_only_reference,not_established,3321e417ce63,30
6eef9b2abecec1fdd241,2446852,2026-07-07T03:58:30+00:00,2026-07-07T03:57:00+00:00,0.21891554793868417,0.21999999999999997,3,2,105.03,supported_change,past_only_reference,not_established,3321e417ce63,60
2740bd405fb62fb7a38c,2446852,2026-07-07T03:59:00+00:00,2026-07-07T03:43:30+00:00,0.21807609242120612,0.21999999999999997,3,2,1412.23,supported_change,past_only_reference,not_established,3321e417ce63,"180,300,900"
c918d0f795084d2c7a9c,2446852,2026-07-07T03:59:30+00:00,2026-07-07T03:56:00+00:00,0.23,0.22999999999999998,4,4,1206.99,supported_change,past_only_reference,not_established,3321e417ce63,"30,60,180"
74b3787e43ebb20e9bb7,2446852,2026-07-07T04:00:30+00:00,2026-07-07T03:45:00+00:00,0.20989488564015307,0.20999999999999996,4,2,5418.86,supported_change,past_only_reference,not_established,3321e417ce63,"60,900"
8db324c182c9aa748e21,2446852,2026-07-07T04:32:30+00:00,2026-07-07T04:31:00+00:00,0.2217576751816264,0.22,6,5,85.34,supported_change,past_only_reference,not_established,3321e417ce63,"30,60"
3e8baabab73eb40c38ff,2446852,2026-07-07T04:45:30+00:00,2026-07-07T04:44:30+00:00,0.21999999999999997,0.22,2,2,115.0,supported_change,past_only_reference,not_established,3321e417ce63,30
798d6a65523420ae1962,2446852,2026-07-07T04:53:00+00:00,2026-07-07T04:52:00+00:00,0.22,0.22,4,4,546.32,supported_change,past_only_reference,not_established,3321e417ce63,30
fc52e7b73d9f7f617188,2446852,2026-07-07T05:05:00+00:00,2026-07-07T05:03:30+00:00,0.22736934421534938,0.22999999999999998,5,2,279.35999999999996,supported_change,past_only_reference,not_established,3321e417ce63,60
bfe38e7f5ab23e9d7c02,2446852,2026-07-07T05:05:30+00:00,2026-07-07T05:04:30+00:00,0.22000000000000003,0.22,2,2,103.85,supported_change,past_only_reference,not_established,3321e417ce63,30
6577820e7ff8090b7516,2446852,2026-07-07T05:10:00+00:00,2026-07-07T05:04:30+00:00,0.2000326238931179,0.2,2,2,193.11,supported_change,past_only_reference,not_established,3321e417ce63,300
e998e9c43e93bc54355e,2446852,2026-07-07T05:11:00+00:00,2026-07-07T05:09:30+00:00,0.2283622022845392,0.22999999999999998,3,3,3549.9500000000003,supported_change,past_only_reference,not_established,3321e417ce63,60
0284d759ec2f406053f0,2446852,2026-07-07T05:46:00+00:00,2026-07-07T05:45:00+00:00,0.24132799231250562,0.24,12,2,894.9599999999999,supported_change,past_only_reference,not_established,3321e417ce63,30
3e27b9c188d8f0a1479a,2446852,2026-07-07T05:48:30+00:00,2026-07-07T05:47:30+00:00,0.23,0.23,2,2,89.21000000000001,supported_change,past_only_reference,not_established,3321e417ce63,30
b4dc73d9c6f7e7659044,2446852,2026-07-07T06:27:30+00:00,2026-07-07T06:26:00+00:00,0.25,0.25,2,2,112.19,supported_change,past_only_reference,not_established,3321e417ce63,60
8353a323d1974f56e656,2446852,2026-07-07T06:55:30+00:00,2026-07-07T06:54:30+00:00,0.21,0.21,2,2,24.52,supported_change,past_only_reference,not_established,3321e417ce63,30
9597a4fd61746553a9db,2446852,2026-07-07T07:33:30+00:00,2026-07-07T07:32:00+00:00,0.16111092364995525,0.16,5,2,7705.3,supported_change,past_only_reference,not_established,3321e417ce63,60
7489ad503d7e2e95b184,2446852,2026-07-07T07:37:30+00:00,2026-07-07T07:32:00+00:00,0.15000000000000002,0.15000000000000002,5,5,140.0,supported_change,past_only_reference,not_established,3321e417ce63,300
4aac73ede2d9f9388065,2446852,2026-07-07T07:39:30+00:00,2026-07-07T07:24:00+00:00,0.1424468770122344,0.14,9,4,31.06,supported_change,past_only_reference,not_established,3321e417ce63,900
c53b2968392592ad1afb,2446852,2026-07-07T07:42:00+00:00,2026-07-07T07:26:30+00:00,0.1296941478467462,0.13,3,2,366.19,supported_change,past_only_reference,not_established,3321e417ce63,900
24a688c4ee28f6641d83,2446852,2026-07-07T07:42:30+00:00,2026-07-07T07:41:30+00:00,0.14,0.14,2,2,28.58,supported_change,past_only_reference,not_established,3321e417ce63,30
b58b5998b163aaa7f843,2446852,2026-07-07T07:54:30+00:00,2026-07-07T07:53:00+00:00,0.13,0.13,3,3,3406.88,supported_change,past_only_reference,not_established,3321e417ce63,"30,60"
594dfa8efb59bff7cc2d,2446852,2026-07-07T07:55:30+00:00,2026-07-07T07:54:00+00:00,0.13769246435845217,0.14,3,2,49.099999999999994,supported_change,past_only_reference,not_established,3321e417ce63,60
236410fd46f90a8188d3,2446852,2026-07-07T07:58:00+00:00,2026-07-07T07:56:30+00:00,0.14669967323497377,0.15000000000000002,3,2,100.99,supported_change,past_only_reference,not_established,3321e417ce63,60
35979b2f1d3005d38fa3,2446852,2026-07-07T08:32:00+00:00,2026-07-07T08:30:30+00:00,0.16000000000000003,0.16000000000000003,2,2,30.869999999999997,supported_change,past_only_reference,not_established,3321e417ce63,60
1348a096b380996f62eb,2446852,2026-07-07T08:44:00+00:00,2026-07-07T08:42:30+00:00,0.16000000000000003,0.16000000000000003,2,2,375.0,supported_change,past_only_reference,not_established,3321e417ce63,60
5e02468b99fa5c539579,2446852,2026-07-07T09:12:00+00:00,2026-07-07T09:11:00+00:00,0.15,0.15,2,2,80.0,supported_change,past_only_reference,not_established,3321e417ce63,30
42b72981a4f516d88ba6,2446852,2026-07-07T09:12:30+00:00,2026-07-07T09:11:30+00:00,0.1557975826307543,0.16000000000000003,3,2,268.06,supported_change,past_only_reference,not_established,3321e417ce63,30
a1ada99ebb03671d72da,2446852,2026-07-07T09:14:30+00:00,2026-07-07T09:13:30+00:00,0.15468663664643564,0.15,10,2,459.69,supported_change,past_only_reference,not_established,3321e417ce63,30
dc4e0466ef46e07750fc,2446852,2026-07-07T09:15:00+00:00,2026-07-07T09:14:00+00:00,0.16000000000000003,0.16000000000000003,10,10,221.21,supported_change,past_only_reference,not_established,3321e417ce63,30
4894c5da25bde163ffe2,2446852,2026-07-07T09:18:00+00:00,2026-07-07T09:16:30+00:00,0.16953542392566787,0.17000000000000004,3,2,215.25,supported_change,past_only_reference,not_established,3321e417ce63,60
ec9455c571e3b610f2bc,2446852,2026-07-07T10:56:00+00:00,2026-07-07T10:54:30+00:00,0.17000000000000004,0.17000000000000004,2,2,2465.63,supported_change,past_only_reference,not_established,3321e417ce63,60
bebee4fedf7d70e9a771,2446852,2026-07-07T10:56:30+00:00,2026-07-07T10:51:00+00:00,0.17968436154949793,0.18000000000000005,4,2,1951.6,supported_change,past_only_reference,not_established,3321e417ce63,"30,180,300"
40451056a757aff05093,2446852,2026-07-07T10:57:00+00:00,2026-07-07T10:56:00+00:00,0.17000000000000004,0.17,2,2,47.4,supported_change,past_only_reference,not_established,3321e417ce63,30
b6845f39dbb2e69bb216,2446852,2026-07-07T10:58:00+00:00,2026-07-07T10:54:30+00:00,0.1927818462745045,0.18999999999999995,4,4,5967.26,supported_change,past_only_reference,not_established,3321e417ce63,"60,180"
125d12b4fa22e8ff9459,2446852,2026-07-07T10:58:30+00:00,2026-07-07T10:53:00+00:00,0.21,0.20999999999999996,2,2,204.76,supported_change,past_only_reference,not_established,3321e417ce63,"30,300"
3f0d0eac619c93b376df,2446852,2026-07-07T11:01:30+00:00,2026-07-07T10:58:00+00:00,0.16115340253748558,0.16,4,3,43.35,supported_change,past_only_reference,not_established,3321e417ce63,180
e76f8f9274bf57ae16c4,2446852,2026-07-07T11:03:30+00:00,2026-07-07T10:58:00+00:00,0.17572452407614783,0.18000000000000005,5,2,44.650000000000006,supported_change,past_only_reference,not_established,3321e417ce63,"30,300"
eb387b7cb69ba4c80949,2446852,2026-07-07T11:30:30+00:00,2026-07-07T11:29:30+00:00,0.18136036063159797,0.18,13,4,3653.59,supported_change,past_only_reference,not_established,3321e417ce63,30
5f0c23a2d387718cc937,2446852,2026-07-07T11:41:30+00:00,2026-07-07T11:40:00+00:00,0.18,0.18,2,2,37.01,supported_change,past_only_reference,not_established,3321e417ce63,"30,60"
c0f5c23e585d6a4589a1,2446852,2026-07-07T11:42:30+00:00,2026-07-07T11:41:00+00:00,0.18999999999999997,0.18999999999999995,2,2,1080.95,supported_change,past_only_reference,not_established,3321e417ce63,60
396f5476ea4e5d4d1f07,2446852,2026-07-07T12:02:00+00:00,2026-07-07T12:01:00+00:00,0.18999999999999992,0.18999999999999995,2,2,63.160000000000004,supported_change,past_only_reference,not_established,3321e417ce63,30
27d542ff1b56acab1145,2446852,2026-07-07T12:06:30+00:00,2026-07-07T12:05:30+00:00,0.19984993994680303,0.19999999999999996,3,2,2056.51,supported_change,past_only_reference,not_established,3321e417ce63,30
0d1a6478a243d3b467f4,2446852,2026-07-07T12:07:00+00:00,2026-07-07T12:05:30+00:00,0.19653323478924278,0.19999999999999996,5,4,838.8799999999999,supported_change,past_only_reference,not_established,3321e417ce63,60
6cace46fefe6e1cbd090,2446852,2026-07-07T12:32:30+00:00,2026-07-07T12:31:30+00:00,0.16548667343421708,0.17000000000000004,6,4,847.1800000000001,supported_change,past_only_reference,not_established,3321e417ce63,30
3a598b282d35326191dd,2446852,2026-07-07T12:33:00+00:00,2026-07-07T12:32:00+00:00,0.16000000000000003,0.16000000000000003,2,2,1109.53,supported_change,past_only_reference,not_established,3321e417ce63,30
07b0bb407fbc910c3678,2446852,2026-07-07T12:33:30+00:00,2026-07-07T12:32:00+00:00,0.15714664015351973,0.16000000000000003,5,4,9353.849999999999,supported_change,past_only_reference,not_established,3321e417ce63,60
5900de589acad35cd6c5,2446852,2026-07-07T13:35:30+00:00,2026-07-07T13:34:00+00:00,0.14007970061936736,0.14,4,2,1688.8200000000002,supported_change,past_only_reference,not_established,3321e417ce63,"30,60"
0deeb576e13cae42eed9,2446852,2026-07-07T13:36:30+00:00,2026-07-07T13:35:00+00:00,0.14946477058309177,0.15000000000000002,4,3,217.28999999999996,supported_change,past_only_reference,not_established,3321e417ce63,60
66f9ef50939122f9388e,2446852,2026-07-07T14:03:00+00:00,2026-07-07T13:47:30+00:00,0.18993293755496915,0.18999999999999995,3,2,181.92000000000002,supported_change,past_only_reference,not_established,3321e417ce63,900
2f62f8b2eb8865c51ac3,2446852,2026-07-07T14:05:00+00:00,2026-07-07T13:49:30+00:00,0.1889512146826231,0.18999999999999995,6,5,1616.06,supported_change,past_only_reference,not_established,3321e417ce63,900
d69a133be6f3fba4d410,2446852,2026-07-07T14:06:00+00:00,2026-07-07T13:50:30+00:00,0.18992944895466624,0.18999999999999995,12,8,695.95,supported_change,past_only_reference,not_established,3321e417ce63,900
b74bfe4b36f881453ae2,2446852,2026-07-07T14:20:30+00:00,2026-07-07T14:19:00+00:00,0.175667432086998,0.18000000000000005,3,2,230.81,supported_change,past_only_reference,not_established,3321e417ce63,60
3cc4556b2f92444c9bb2,2446852,2026-07-07T14:29:00+00:00,2026-07-07T14:28:00+00:00,0.179570816991411,0.18000000000000005,5,3,1114.21,supported_change,past_only_reference,not_established,3321e417ce63,30
3c38279da30021e8aea3,2446852,2026-07-07T15:35:00+00:00,2026-07-07T15:33:30+00:00,0.18000000000000005,0.18000000000000005,2,2,59.03,supported_change,past_only_reference,not_established,3321e417ce63,60
58654571723172156c81,2446852,2026-07-07T16:46:00+00:00,2026-07-07T16:45:00+00:00,0.1508273762245168,0.15,4,2,1661.88,supported_change,past_only_reference,not_established,3321e417ce63,30
91aa01d4f6f393af48ff,2446852,2026-07-07T17:00:30+00:00,2026-07-07T16:55:00+00:00,0.11,0.11,3,3,410.59000000000003,supported_change,past_only_reference,not_established,3321e417ce63,"30,180,300"
81d526109fa146e33697,2446852,2026-07-07T17:01:00+00:00,2026-07-07T16:55:30+00:00,0.10999999999999999,0.11,2,2,444.41,supported_change,past_only_reference,not_established,3321e417ce63,"60,300"
52df1627393f860e0985,2446852,2026-07-07T17:06:00+00:00,2026-07-07T17:04:30+00:00,0.09,0.09,3,3,362.78,supported_change,past_only_reference,not_established,3321e417ce63,60
780282640ffd82579734,2446852,2026-07-07T17:11:30+00:00,2026-07-07T17:08:00+00:00,0.10999999999999997,0.10999999999999999,2,2,578.1800000000001,supported_change,past_only_reference,not_established,3321e417ce63,180
2d52eacf56b1bf8b3d71,2446852,2026-07-07T17:14:00+00:00,2026-07-07T17:12:30+00:00,0.09048906402104347,0.09,4,3,1931.2399999999998,supported_change,past_only_reference,not_established,3321e417ce63,60
416b43dd39397622be0f,2446852,2026-07-07T17:16:00+00:00,2026-07-07T17:12:30+00:00,0.08949355289731237,0.08999999999999997,3,2,128.74,supported_change,past_only_reference,not_established,3321e417ce63,180
107a2d180968b143af36,2446852,2026-07-07T17:16:30+00:00,2026-07-07T17:11:00+00:00,0.08000000000000002,0.08,2,2,6.52,supported_change,past_only_reference,not_established,3321e417ce63,"30,300"
007b0750e77e6a40a86b,2446852,2026-07-07T17:27:30+00:00,2026-07-07T17:12:00+00:00,0.06999999999999995,0.06999999999999995,2,2,29.29,supported_change,past_only_reference,not_established,3321e417ce63,900
7342a69ab915cf1f4a6d,2446852,2026-07-07T17:28:00+00:00,2026-07-07T17:12:30+00:00,0.06999999999999995,0.06999999999999995,2,2,28.58,supported_change,past_only_reference,not_established,3321e417ce63,900
c43a77c2e083cf35608f,2446852,2026-07-07T17:29:00+00:00,2026-07-07T17:27:30+00:00,0.060000000000000005,0.06,3,3,1481.8,supported_change,past_only_reference,not_established,3321e417ce63,60
74f2b8683374840d5009,2446852,2026-07-07T17:30:00+00:00,2026-07-07T17:26:30+00:00,0.04865419054900733,0.05,4,2,7795.16,supported_change,past_only_reference,not_established,3321e417ce63,"30,60,180"
f6b1ba9369da736e7f47,2446852,2026-07-07T17:54:00+00:00,2026-07-07T17:52:30+00:00,0.04017823697731753,0.04,4,2,23631.46,supported_change,past_only_reference,not_established,3321e417ce63,60
43c760f085340f573298,2446852,2026-07-07T17:54:30+00:00,2026-07-07T17:53:30+00:00,0.05000000000000004,0.050000000000000044,2,2,92.44,supported_change,past_only_reference,not_established,3321e417ce63,30
96a39086ee373387eb73,2446852,2026-07-07T18:14:30+00:00,2026-07-07T18:09:00+00:00,0.008060762766645127,0.008000000000000007,2,2,15.47,unusual_change,past_only_reference,not_established,3321e417ce63,"180,300"
80bbb9d994842ba254fb,2446852,2026-07-07T18:15:00+00:00,2026-07-07T18:09:30+00:00,0.012539790044023037,0.013000000000000012,2,2,29.53,unusual_change,past_only_reference,not_established,3321e417ce63,"30,300"
77a8876ce38fe38c3a53,2446852,2026-07-07T18:16:30+00:00,2026-07-07T18:11:00+00:00,0.24274388016197565,0.24,4,2,6010.78,unusual_change,past_only_reference,not_established,3321e417ce63,300
382d73680c188a75442a,2446852,2026-07-07T18:17:00+00:00,2026-07-07T18:16:00+00:00,0.25388624338624344,0.253,3,2,37.8,supported_change,past_only_reference,not_established,3321e417ce63,30
0adbf3ab89e00015531d,2446852,2026-07-07T18:17:30+00:00,2026-07-07T18:14:00+00:00,0.24010520833004007,0.24,16,6,6326.02,unusual_change,past_only_reference,not_established,3321e417ce63,"30,60,180"
73d142ef36e446ab691b,2446852,2026-07-07T18:18:00+00:00,2026-07-07T18:02:30+00:00,0.2516243484648737,0.258,15,7,11135.24,unusual_change,past_only_reference,not_established,3321e417ce63,"30,60,180,300,900"
e73533710ef3e7b782bb,2446852,2026-07-07T18:18:30+00:00,2026-07-07T18:03:00+00:00,0.250669391388799,0.257,9,4,5683.759999999999,unusual_change,past_only_reference,not_established,3321e417ce63,"60,900"
7d6a7d63eff3b5cc0eb0,2446852,2026-07-07T18:19:00+00:00,2026-07-07T18:03:30+00:00,0.2543614051423501,0.25,16,3,9107.12,unusual_change,past_only_reference,not_established,3321e417ce63,900
f4820892268efcdf50b0,2446852,2026-07-07T18:19:30+00:00,2026-07-07T18:04:00+00:00,0.25201536915089856,0.241,20,6,7003.640000000003,unusual_change,past_only_reference,not_established,3321e417ce63,"60,180,300,900"
c2811a8349531a94eae3,2446852,2026-07-07T18:20:30+00:00,2026-07-07T18:19:00+00:00,0.2557508116021982,0.252,7,3,471.29,supported_change,past_only_reference,not_established,3321e417ce63,60
080f7764a330d12bfdc9,2446852,2026-07-07T18:21:00+00:00,2026-07-07T18:05:30+00:00,0.25580388084386235,0.254,10,9,1039.98,unusual_change,past_only_reference,not_established,3321e417ce63,900
58c77aa68f26ccd73f1f,2446852,2026-07-07T18:21:30+00:00,2026-07-07T18:06:00+00:00,0.26233124090814636,0.262,10,8,7699.199999999999,unusual_change,past_only_reference,not_established,3321e417ce63,"60,900"
f16234d048534b41d91c,2446852,2026-07-07T18:22:30+00:00,2026-07-07T18:07:00+00:00,0.23762041804027523,0.25,14,12,4892.83,unusual_change,past_only_reference,not_established,3321e417ce63,"60,900"
aa1d26d06b070fa33e3f,2446852,2026-07-07T18:23:00+00:00,2026-07-07T18:07:30+00:00,0.16966321683067528,0.171,8,7,943.04,unusual_change,past_only_reference,not_established,3321e417ce63,"30,60,300,900"
cce8a933e727a56e97b9,2446852,2026-07-07T18:23:30+00:00,2026-07-07T18:08:00+00:00,0.22245450787672807,0.23,6,6,2612.76,unusual_change,past_only_reference,not_established,3321e417ce63,"30,60,180,300,900"
b9f213c3f111bbe3ff4f,2446852,2026-07-07T18:24:00+00:00,2026-07-07T18:08:30+00:00,0.22954967676678834,0.22999999999999998,6,3,2273.8999999999996,unusual_change,past_only_reference,not_established,3321e417ce63,"60,180,900"
4b5e1ef51e6d2fb097dd,2446852,2026-07-07T18:24:30+00:00,2026-07-07T18:09:00+00:00,0.21912783273089326,0.21899999999999997,6,6,924.0199999999999,unusual_change,past_only_reference,not_established,3321e417ce63,"30,60,180,900"
cefdfbf9313d05188767,2446852,2026-07-07T18:25:00+00:00,2026-07-07T18:09:30+00:00,0.209123024646072,0.21,13,6,20173.600000000006,unusual_change,past_only_reference,not_established,3321e417ce63,"60,180,900"
d2dc006d04260bdd0158,2446852,2026-07-07T18:25:30+00:00,2026-07-07T18:10:00+00:00,0.22350935437589672,0.22299999999999998,3,2,348.5,unusual_change,past_only_reference,not_established,3321e417ce63,"30,60,180,300,900"
1698aa1314f9d84c0695,2446852,2026-07-07T18:26:00+00:00,2026-07-07T18:10:30+00:00,0.21522441031376702,0.215,4,3,3504.83,unusual_change,past_only_reference,not_established,3321e417ce63,"60,180,300,900"
e36e29c4ee602d038651,2446852,2026-07-07T18:26:30+00:00,2026-07-07T18:11:00+00:00,0.22838835801697677,0.22899999999999998,5,3,2192.41,unusual_change,past_only_reference,not_established,3321e417ce63,"30,60,300,900"
325a8d566ab753189836,2446852,2026-07-07T18:27:00+00:00,2026-07-07T18:21:30+00:00,0.2365609140708194,0.237,4,4,1042.37,supported_change,past_only_reference,not_established,3321e417ce63,"60,180,300"
572177c0d4f9298f09d3,2446852,2026-07-07T18:27:30+00:00,2026-07-07T18:22:00+00:00,0.23910994812019307,0.24,25,25,26166.25,supported_change,past_only_reference,not_established,3321e417ce63,"60,180,300"
36bd66660b9c6082950e,2446852,2026-07-07T18:28:00+00:00,2026-07-07T18:12:30+00:00,0.24652827083766032,0.247,13,9,625.9100000000001,unusual_change,past_only_reference,not_established,3321e417ce63,"60,180,300,900"
fa5f8635c52546b67070,2446852,2026-07-07T18:28:30+00:00,2026-07-07T18:25:00+00:00,0.24884244291205065,0.249,5,5,353.84,supported_change,past_only_reference,not_established,3321e417ce63,180
f49bbe39de868a9ed2aa,2446852,2026-07-07T18:29:00+00:00,2026-07-07T18:25:30+00:00,0.24899999999999997,0.249,2,2,32.08,supported_change,past_only_reference,not_established,3321e417ce63,180
c5c741b294d54e269df7,2446852,2026-07-07T18:29:30+00:00,2026-07-07T18:14:00+00:00,0.25199347174251335,0.252,3,2,1053.88,unusual_change,past_only_reference,not_established,3321e417ce63,"180,300,900"
8373fedb9c0985fc4b24,2446852,2026-07-07T18:30:00+00:00,2026-07-07T18:14:30+00:00,0.2863663073642392,0.28700000000000003,15,10,6846.599999999999,unusual_change,past_only_reference,not_established,3321e417ce63,"30,60,180,300,900"
e0536e9a0b03b25ab23b,2446852,2026-07-07T18:30:30+00:00,2026-07-07T18:25:00+00:00,0.2745958631495743,0.275,20,14,4288.77,supported_change,past_only_reference,not_established,3321e417ce63,"30,60,180,300"
a38c964e64e945b9e2ed,2446852,2026-07-07T18:31:30+00:00,2026-07-07T18:26:00+00:00,0.27326848586270996,0.271,7,5,1834.5100000000002,supported_change,past_only_reference,not_established,3321e417ce63,"180,300"
89a6f2e524d19886f517,2446852,2026-07-07T18:32:00+00:00,2026-07-07T18:26:30+00:00,0.2856916268580713,0.28200000000000003,11,3,1237.17,supported_change,past_only_reference,not_established,3321e417ce63,"30,180,300"
23b54b2c4b15956dd18d,2446852,2026-07-07T18:32:30+00:00,2026-07-07T18:17:00+00:00,0.3026308823885219,0.3,5,3,413.31000000000006,supported_change,past_only_reference,not_established,3321e417ce63,"30,60,180,300,900"
019becc3d285c146e6eb,2446852,2026-07-07T18:33:00+00:00,2026-07-07T18:17:30+00:00,0.3048823052191942,0.304,3,3,332.81,supported_change,past_only_reference,not_established,3321e417ce63,"60,300,900"
480de1651df2ece72976,2446852,2026-07-07T18:33:30+00:00,2026-07-07T18:18:00+00:00,0.3049639616935484,0.305,4,4,1587.1999999999998,supported_change,past_only_reference,not_established,3321e417ce63,"180,300,900"
a030d787ac3d3d02fb59,2446852,2026-07-07T18:34:00+00:00,2026-07-07T18:18:30+00:00,0.30521568055960363,0.305,3,3,514.65,supported_change,past_only_reference,not_established,3321e417ce63,"300,900"
b0cb3210f1ae7a1c2272,2446852,2026-07-07T18:34:30+00:00,2026-07-07T18:19:00+00:00,0.3110827991452991,0.31000000000000005,4,3,168.48000000000002,supported_change,past_only_reference,not_established,3321e417ce63,"180,300,900"
e23cafa7b4cc7cef6b22,2446852,2026-07-07T18:35:00+00:00,2026-07-07T18:29:30+00:00,0.3131160921697553,0.313,9,8,3250.0899999999997,supported_change,past_only_reference,not_established,3321e417ce63,"180,300"
02c007609780eb8a5ca3,2446852,2026-07-07T18:36:00+00:00,2026-07-07T18:20:30+00:00,0.3049819787923312,0.303,6,4,1129.7800000000002,supported_change,past_only_reference,not_established,3321e417ce63,"60,900"
41c6a4dcfd25ed609c4d,2446852,2026-07-07T18:36:30+00:00,2026-07-07T18:21:00+00:00,0.3020345678371078,0.302,4,4,1155.1200000000001,supported_change,past_only_reference,not_established,3321e417ce63,"300,900"
46a0862868252137795c,2446852,2026-07-07T18:37:00+00:00,2026-07-07T18:21:30+00:00,0.3000752646394561,0.3,9,9,3989.3900000000003,supported_change,past_only_reference,not_established,3321e417ce63,900
f2931ca41e3f9429b378,2446852,2026-07-07T18:37:30+00:00,2026-07-07T18:22:00+00:00,0.301954261954262,0.30200000000000005,6,6,182.78,supported_change,past_only_reference,not_established,3321e417ce63,900
3c8989e6beafd46d7562,2446852,2026-07-07T18:38:00+00:00,2026-07-07T18:22:30+00:00,0.29916013537503877,0.3,13,10,6618.649999999999,supported_change,past_only_reference,not_established,3321e417ce63,900
279d838039229704d9c0,2446852,2026-07-07T18:38:30+00:00,2026-07-07T18:23:00+00:00,0.2928725021621376,0.29700000000000004,8,3,878.7599999999999,supported_change,past_only_reference,not_established,3321e417ce63,900
3727e0481c030e36e58a,2446852,2026-07-07T18:39:00+00:00,2026-07-07T18:23:30+00:00,0.2862028116159014,0.284,8,4,2057.18,supported_change,past_only_reference,not_established,3321e417ce63,"30,60,180,900"
bebae73815751508d8f4,2446852,2026-07-07T18:39:30+00:00,2026-07-07T18:24:00+00:00,0.287816319645267,0.29000000000000004,4,2,829.9200000000001,supported_change,past_only_reference,not_established,3321e417ce63,900
66dc93f102e234eeac1e,2446852,2026-07-07T18:40:00+00:00,2026-07-07T18:24:30+00:00,0.28320985891634193,0.283,3,3,413.23,supported_change,past_only_reference,not_established,3321e417ce63,"300,900"
d756b6e51cd98436cfc0,2446852,2026-07-07T18:42:00+00:00,2026-07-07T18:26:30+00:00,0.28347552439625706,0.283,6,6,3528.8199999999997,supported_change,past_only_reference,not_established,3321e417ce63,900
b936ea3384c9ac437a60,2446852,2026-07-07T18:42:30+00:00,2026-07-07T18:27:00+00:00,0.2830879422395371,0.283,5,5,2274.2200000000003,supported_change,past_only_reference,not_established,3321e417ce63,900
66d6991a7dd7ccb187ea,2446852,2026-07-07T18:47:30+00:00,2026-07-07T18:32:00+00:00,0.2602362399505257,0.26,4,4,468.92999999999995,supported_change,past_only_reference,not_established,3321e417ce63,"30,60,180,300,900"
659fed458c4e05801023,2446852,2026-07-07T18:48:00+00:00,2026-07-07T18:32:30+00:00,0.25291101812206057,0.25,8,2,15425.949999999999,supported_change,past_only_reference,not_established,3321e417ce63,"30,60,180,300,900"
cf84a872b7b319fece43,2446852,2026-07-07T18:48:30+00:00,2026-07-07T18:33:00+00:00,0.24031313787344588,0.24,3,2,862.24,supported_change,past_only_reference,not_established,3321e417ce63,"30,60,180,300,900"
16170376db0ec63b27a3,2446852,2026-07-07T18:49:30+00:00,2026-07-07T18:34:00+00:00,0.24206033131612173,0.242,4,4,918.76,supported_change,past_only_reference,not_established,3321e417ce63,"180,300,900"
e67053a7d8d7a14ce973,2446852,2026-07-07T18:50:00+00:00,2026-07-07T18:34:30+00:00,0.24370592266035507,0.243,8,7,2860.3700000000003,supported_change,past_only_reference,not_established,3321e417ce63,"180,300,900"
61d01e543b220f110191,2446852,2026-07-07T18:50:30+00:00,2026-07-07T18:45:00+00:00,0.24000192706325976,0.24,6,6,960.01,supported_change,past_only_reference,not_established,3321e417ce63,"180,300"
2c7a181c5f9b6dfdf2b5,2446852,2026-07-07T18:51:00+00:00,2026-07-07T18:35:30+00:00,0.2327254930464699,0.232,5,5,206.37,supported_change,past_only_reference,not_established,3321e417ce63,"60,180,300,900"
091e5986d2060a9fd202,2446852,2026-07-07T18:51:30+00:00,2026-07-07T18:36:00+00:00,0.23348663603232453,0.233,6,6,1577.75,supported_change,past_only_reference,not_established,3321e417ce63,"300,900"
87c60d13666d3cf3b178,2446852,2026-07-07T18:52:00+00:00,2026-07-07T18:36:30+00:00,0.235628586180191,0.236,6,6,1162.1000000000001,supported_change,past_only_reference,not_established,3321e417ce63,"300,900"
7dc2cbda7133d841e5a4,2446852,2026-07-07T18:52:30+00:00,2026-07-07T18:37:00+00:00,0.23574142366450612,0.236,5,5,695.81,supported_change,past_only_reference,not_established,3321e417ce63,"300,900"
c71cee957f87050c13ff,2446852,2026-07-07T18:53:00+00:00,2026-07-07T18:37:30+00:00,0.23386508437643166,0.234,14,14,807.6899999999998,supported_change,past_only_reference,not_established,3321e417ce63,900
0fdad4576cf05b89180d,2446852,2026-07-07T18:53:30+00:00,2026-07-07T18:38:00+00:00,0.23549999999999996,0.235,2,2,200.0,supported_change,past_only_reference,not_established,3321e417ce63,900
8e9a2417df489d4bbcbe,2446852,2026-07-07T18:54:00+00:00,2026-07-07T18:38:30+00:00,0.23536582642464007,0.235,25,25,1012.01,supported_change,past_only_reference,not_established,3321e417ce63,900
157beb952ac9e27c0fe5,2446852,2026-07-07T18:54:30+00:00,2026-07-07T18:39:00+00:00,0.23597859930522794,0.236,9,9,1399.02,supported_change,past_only_reference,not_established,3321e417ce63,900
03adacd01164e6b677fd,2446852,2026-07-07T18:55:00+00:00,2026-07-07T18:39:30+00:00,0.23939789316329152,0.24,15,15,428.13,supported_change,past_only_reference,not_established,3321e417ce63,900
b87915b74814e238c244,2446852,2026-07-07T18:57:00+00:00,2026-07-07T18:41:30+00:00,0.23713636363636365,0.237,2,2,110.0,supported_change,past_only_reference,not_established,3321e417ce63,900
58b6e400313ddc17569e,2446852,2026-07-07T18:58:00+00:00,2026-07-07T18:56:30+00:00,0.2552432432432432,0.255,2,2,3700.0,supported_change,past_only_reference,not_established,3321e417ce63,60
ac87e04662338eea29d1,2446852,2026-07-07T18:59:00+00:00,2026-07-07T18:53:30+00:00,0.26483361291200075,0.267,6,5,1764.56,supported_change,past_only_reference,not_established,3321e417ce63,"60,180,300"
e8ba88b36d0e7dff68f5,2446852,2026-07-07T18:59:30+00:00,2026-07-07T18:54:00+00:00,0.26479498969085746,0.263,13,10,3036.1400000000003,supported_change,past_only_reference,not_established,3321e417ce63,"180,300"
5d604d71670a76f94fea,2446852,2026-07-07T19:00:00+00:00,2026-07-07T18:54:30+00:00,0.26317174063147325,0.263,3,2,637.24,supported_change,past_only_reference,not_established,3321e417ce63,"180,300"
4c7bdeddffba9b5eda26,2446852,2026-07-07T19:00:30+00:00,2026-07-07T18:55:00+00:00,0.2788466778137164,0.28,8,7,2188.92,supported_change,past_only_reference,not_established,3321e417ce63,"30,60,300"
38f24900a74604e4362d,2446852,2026-07-07T19:01:00+00:00,2026-07-07T18:55:30+00:00,0.29134502516638444,0.29000000000000004,11,4,8384.199999999999,supported_change,past_only_reference,not_established,3321e417ce63,"30,60,180,300"
455bdcc974f28d771aba,2446852,2026-07-07T19:01:30+00:00,2026-07-07T18:56:00+00:00,0.31517546079779907,0.31599999999999995,4,3,545.25,supported_change,past_only_reference,not_established,3321e417ce63,"30,60,300"
dcf5ebff8b51e7e9e736,2446852,2026-07-07T19:02:00+00:00,2026-07-07T18:56:30+00:00,0.31091406403632665,0.31100000000000005,4,2,559.37,supported_change,past_only_reference,not_established,3321e417ce63,"60,180,300"
675eafd323a4273ba930,2446852,2026-07-07T19:02:30+00:00,2026-07-07T18:47:00+00:00,0.3007022052760388,0.3,4,3,3031.8199999999997,supported_change,past_only_reference,not_established,3321e417ce63,"30,60,180,900"
8b5253f812bd56946585,2446852,2026-07-07T19:03:00+00:00,2026-07-07T18:47:30+00:00,0.304069150381984,0.30500000000000005,7,7,1729.13,supported_change,past_only_reference,not_established,3321e417ce63,"180,300,900"
4e6cdc69a71221b76635,2446852,2026-07-07T19:03:30+00:00,2026-07-07T18:48:00+00:00,0.3038712065739159,0.30500000000000005,8,8,1474.92,supported_change,past_only_reference,not_established,3321e417ce63,"180,900"
2516ad538ef8e267111d,2446852,2026-07-07T19:04:30+00:00,2026-07-07T18:49:00+00:00,0.30371428571428577,0.302,4,4,350.0,supported_change,past_only_reference,not_established,3321e417ce63,"300,900"
0f6f8f8420407acece6e,2446852,2026-07-07T19:05:00+00:00,2026-07-07T18:49:30+00:00,0.3014856607490074,0.301,5,5,7503.530000000001,supported_change,past_only_reference,not_established,3321e417ce63,"300,900"
4861c3cbb27a413d93d7,2446852,2026-07-07T19:06:30+00:00,2026-07-07T18:51:00+00:00,0.28793991437429256,0.287,3,2,2032.1,supported_change,past_only_reference,not_established,3321e417ce63,"180,300,900"
4dfe2686e631b126ddea,2446852,2026-07-07T19:07:00+00:00,2026-07-07T18:51:30+00:00,0.2864987028287107,0.287,3,3,1595.78,supported_change,past_only_reference,not_established,3321e417ce63,"300,900"
274d07cf8e0d278bcf97,2446852,2026-07-07T19:07:30+00:00,2026-07-07T18:52:00+00:00,0.2900000000000001,0.29000000000000004,5,5,2410.5,supported_change,past_only_reference,not_established,3321e417ce63,900
980b4bdd0b911b087ea4,2446852,2026-07-07T19:08:00+00:00,2026-07-07T18:52:30+00:00,0.2876494056139914,0.28800000000000003,8,8,642.6800000000001,supported_change,past_only_reference,not_established,3321e417ce63,900
0a24fa3d491748a4132f,2446852,2026-07-07T19:08:30+00:00,2026-07-07T18:53:00+00:00,0.2919994123888416,0.29300000000000004,5,3,4203.46,supported_change,past_only_reference,not_established,3321e417ce63,900
9425cbb6a68b661a95fa,2446852,2026-07-07T19:09:00+00:00,2026-07-07T18:53:30+00:00,0.287,0.287,4,4,65.36,supported_change,past_only_reference,not_established,3321e417ce63,900
16ec93ac2275fafd8ba4,2446852,2026-07-07T19:10:30+00:00,2026-07-07T18:55:00+00:00,0.29011894181363695,0.29,4,4,720.1,supported_change,past_only_reference,not_established,3321e417ce63,900
26bae0af6490854f5b1f,2446852,2026-07-07T19:11:00+00:00,2026-07-07T18:55:30+00:00,0.2935867043396941,0.29400000000000004,3,3,502.57,supported_change,past_only_reference,not_established,3321e417ce63,900
96bce56b24a1c682ef62,2446852,2026-07-07T19:12:00+00:00,2026-07-07T18:56:30+00:00,0.302394462715418,0.30300000000000005,5,5,6357.99,supported_change,past_only_reference,not_established,3321e417ce63,900
0482af607f1dbe4dc96e,2446852,2026-07-07T19:13:00+00:00,2026-07-07T18:57:30+00:00,0.30573903213183184,0.30500000000000005,4,2,459.98,supported_change,past_only_reference,not_established,3321e417ce63,900
80b76a3678f51913962e,2446852,2026-07-07T19:14:30+00:00,2026-07-07T18:59:00+00:00,0.30479928135924683,0.30300000000000005,8,5,4213.51,supported_change,past_only_reference,not_established,3321e417ce63,900
38ccf7e4ef63c212a6b1,2446852,2026-07-07T19:15:00+00:00,2026-07-07T18:59:30+00:00,0.31236746629659,0.311,7,6,1109.6799999999998,supported_change,past_only_reference,not_established,3321e417ce63,900
ad7d61d43d35d72bfd7a,2446852,2026-07-07T19:18:30+00:00,2026-07-07T19:17:00+00:00,0.32596712564235697,0.32599999999999996,4,3,558.49,supported_change,past_only_reference,not_established,3321e417ce63,"30,60"
31f9d692d3608a93621a,2446852,2026-07-07T19:21:30+00:00,2026-07-07T19:06:00+00:00,0.32700000000000007,0.32699999999999996,3,3,3695.9399999999996,supported_change,past_only_reference,not_established,3321e417ce63,900
1ca883de66e40412d346,2446852,2026-07-07T19:22:00+00:00,2026-07-07T19:06:30+00:00,0.3272105263157895,0.327,4,4,950.0,supported_change,past_only_reference,not_established,3321e417ce63,900
92b314026d8a7afa3f9f,2446852,2026-07-07T19:22:30+00:00,2026-07-07T19:07:00+00:00,0.3313772168268921,0.33,7,7,3263.11,supported_change,past_only_reference,not_established,3321e417ce63,900
04a54afbd2fc76a6d453,2446852,2026-07-07T19:23:00+00:00,2026-07-07T19:07:30+00:00,0.33134482758620687,0.332,6,6,2900.0,supported_change,past_only_reference,not_established,3321e417ce63,900
c79c7a9d2d2ed8c403e1,2446852,2026-07-07T19:24:00+00:00,2026-07-07T19:08:30+00:00,0.33539830539160664,0.335,6,6,552.34,supported_change,past_only_reference,not_established,3321e417ce63,900
09382b363f3d416d5397,2446852,2026-07-07T19:25:30+00:00,2026-07-07T19:10:00+00:00,0.33661832061068697,0.33699999999999997,3,3,2620.0,supported_change,past_only_reference,not_established,3321e417ce63,900
1284e003b20e1ea3e899,2446852,2026-07-07T19:26:00+00:00,2026-07-07T19:10:30+00:00,0.3368856140388641,0.33699999999999997,5,5,1858.27,supported_change,past_only_reference,not_established,3321e417ce63,900
1488ca3c30af59f65ee5,2446852,2026-07-07T19:29:00+00:00,2026-07-07T19:23:30+00:00,0.29427619858168796,0.291,29,17,13324.29,unusual_change,past_only_reference,not_established,3321e417ce63,"30,60,180,300"
c607ce1449d3122cdba6,2446852,2026-07-07T19:29:30+00:00,2026-07-07T19:24:00+00:00,0.2827052518375654,0.28,19,15,4500.52,supported_change,past_only_reference,not_established,3321e417ce63,"30,60,180,300"
a0558978c8238c19a12c,2446852,2026-07-07T19:30:00+00:00,2026-07-07T19:24:30+00:00,0.2703142933475822,0.28,14,8,2058.6499999999996,supported_change,past_only_reference,not_established,3321e417ce63,"60,180,300"
1a9fdb9d7f1d30f8538e,2446852,2026-07-07T19:30:30+00:00,2026-07-07T19:25:00+00:00,0.9336402374638962,0.99,4,2,8873.77,unusual_change,past_only_reference,not_established,3321e417ce63,"30,60,180,300"
60ccb2560eeb5d6ddcbd,2446852,2026-07-07T19:31:00+00:00,2026-07-07T19:15:30+00:00,0.9898957311910286,0.99,65,26,60693.50999999999,unusual_change,past_only_reference,not_established,3321e417ce63,"60,180,300,900"
7b258f4c2930f917f332,2446852,2026-07-07T19:31:30+00:00,2026-07-07T19:26:00+00:00,0.9925764841636355,0.993,68,66,130668.88000000002,unusual_change,past_only_reference,not_established,3321e417ce63,"30,60,180,300"
c56824a04d32f7fbd515,2446852,2026-07-07T19:32:00+00:00,2026-07-07T19:16:30+00:00,0.9967198639367139,0.997,36,36,60166.119999999995,unusual_change,past_only_reference,not_established,3321e417ce63,"30,60,180,300,900"
80a1ca1288fd03d9cfb1,2446852,2026-07-07T19:32:30+00:00,2026-07-07T19:17:00+00:00,0.9979923064132633,0.998,48,48,146323.16999999998,unusual_change,past_only_reference,not_established,3321e417ce63,"60,180,300,900"
12b3ef67d4426a120867,2446852,2026-07-07T19:33:00+00:00,2026-07-07T19:17:30+00:00,0.9984459874951397,0.998,27,27,55938.25,unusual_change,past_only_reference,not_established,3321e417ce63,"180,300,900"
f794f82cf75775bb2818,2446852,2026-07-07T19:33:30+00:00,2026-07-07T19:18:00+00:00,0.9982795621363313,0.998,20,20,34076.36,unusual_change,past_only_reference,not_established,3321e417ce63,"180,300,900"
526ec748d43cb895e263,2446852,2026-07-07T19:34:00+00:00,2026-07-07T19:28:30+00:00,0.9989483432142918,0.999,40,40,218332.39999999997,unusual_change,past_only_reference,not_established,3321e417ce63,"180,300"
48b278c9f06be1176b04,2446852,2026-07-07T19:34:30+00:00,2026-07-07T19:19:00+00:00,0.9988649677286799,0.999,14,14,95589.52,unusual_change,past_only_reference,not_established,3321e417ce63,"180,300,900"
20c6940256c4419aae53,2446852,2026-07-07T19:35:00+00:00,2026-07-07T19:29:30+00:00,0.9980053004717248,0.998,18,18,30897.25,unusual_change,past_only_reference,not_established,3321e417ce63,300
af81f5729efd216e4013,2446852,2026-07-07T19:35:30+00:00,2026-07-07T19:30:00+00:00,0.9989057038120814,0.999,17,17,77287.96,unusual_change,past_only_reference,not_established,3321e417ce63,300
172d178c5d7c7fb16936,2446852,2026-07-07T19:36:00+00:00,2026-07-07T19:20:30+00:00,0.9980817039584231,0.998,20,20,33303.16,unusual_change,past_only_reference,not_established,3321e417ce63,"300,900"
d464173f57d0899a49fa,2446852,2026-07-07T19:36:30+00:00,2026-07-07T19:21:00+00:00,0.9980029435970156,0.998,34,34,68093.56,unusual_change,past_only_reference,not_established,3321e417ce63,"300,900"
adeded136fd13bfd49e7,2446852,2026-07-07T19:37:00+00:00,2026-07-07T19:21:30+00:00,0.998000191974694,0.998,23,23,57611.76000000001,unusual_change,past_only_reference,not_established,3321e417ce63,900
c8370d886f72659e9d13,2446852,2026-07-07T19:37:30+00:00,2026-07-07T19:22:00+00:00,0.9980423118843812,0.998,19,19,44497.899999999994,unusual_change,past_only_reference,not_established,3321e417ce63,900
7dee57464d225a0ddb38,2446852,2026-07-07T19:38:00+00:00,2026-07-07T19:22:30+00:00,0.9980529390054577,0.998,45,45,45275.689999999995,unusual_change,past_only_reference,not_established,3321e417ce63,900
1a179712fddc6994ff39,2446852,2026-07-07T19:39:00+00:00,2026-07-07T19:23:30+00:00,0.9980264823256582,0.998,30,30,105524.71999999999,unusual_change,past_only_reference,not_established,3321e417ce63,900
44471a50178b4ebf592d,2446852,2026-07-07T19:39:30+00:00,2026-07-07T19:24:00+00:00,0.9980003179703317,0.998,19,19,37739.37,unusual_change,past_only_reference,not_established,3321e417ce63,900
3d9043409f7ff3d32e6e,2446852,2026-07-07T19:40:00+00:00,2026-07-07T19:24:30+00:00,0.9980011876056112,0.998,13,13,13859.82,unusual_change,past_only_reference,not_established,3321e417ce63,900
e1621b62c37476d77f64,2446852,2026-07-07T19:40:30+00:00,2026-07-07T19:25:00+00:00,0.9980413181143953,0.998,22,22,296561.21,unusual_change,past_only_reference,not_established,3321e417ce63,900
48fe9cb9a02dd2857859,2446852,2026-07-07T19:41:00+00:00,2026-07-07T19:25:30+00:00,0.9984632656234629,0.998,8,8,33955.66,unusual_change,past_only_reference,not_established,3321e417ce63,900
92a883dc022d23ac4e24,2446852,2026-07-07T19:41:30+00:00,2026-07-07T19:26:00+00:00,0.9980000266362212,0.998,3,3,57440.58,unusual_change,past_only_reference,not_established,3321e417ce63,900
034e6a5022c5daed6586,2446852,2026-07-07T19:42:00+00:00,2026-07-07T19:26:30+00:00,0.998987874423718,0.999,19,19,99918.55,unusual_change,past_only_reference,not_established,3321e417ce63,900
369255128648de0a0865,2446852,2026-07-07T19:42:30+00:00,2026-07-07T19:27:00+00:00,0.9986780536920218,0.999,6,6,3595.32,unusual_change,past_only_reference,not_established,3321e417ce63,900
a294784248902ee57d47,2446852,2026-07-07T19:43:00+00:00,2026-07-07T19:27:30+00:00,0.9980038532561865,0.998,52,52,86103.79999999999,unusual_change,past_only_reference,not_established,3321e417ce63,900
17839533dc9e44e97877,2446852,2026-07-07T19:43:30+00:00,2026-07-07T19:28:00+00:00,0.9990000000000001,0.999,21,21,833.04,unusual_change,past_only_reference,not_established,3321e417ce63,900
71819563cb4a33871ba6,2446852,2026-07-07T19:44:00+00:00,2026-07-07T19:28:30+00:00,0.9990000000000001,0.999,51,51,1285.2599999999998,unusual_change,past_only_reference,not_established,3321e417ce63,900
8d48b730e9f327dd6861,2446852,2026-07-07T19:44:30+00:00,2026-07-07T19:29:00+00:00,0.9990000000000002,0.999,22,22,1072.5199999999998,unusual_change,past_only_reference,not_established,3321e417ce63,900
be0151192e72855004c5,2446852,2026-07-07T19:45:00+00:00,2026-07-07T19:29:30+00:00,0.9989999999999999,0.999,62,62,13816.73,unusual_change,past_only_reference,not_established,3321e417ce63,900
7d845bc8eaa1a3863386,2446852,2026-07-07T19:45:30+00:00,2026-07-07T19:30:00+00:00,0.9989999999999999,0.999,69,69,511218.53,unusual_change,past_only_reference,not_established,3321e417ce63,900
99a10365ab5e9e554ddf,2446852,2026-07-07T19:46:00+00:00,2026-07-07T19:30:30+00:00,0.9990000000000001,0.999,26,26,86.78,unusual_change,past_only_reference,not_established,3321e417ce63,900
594d2fd550b429e4b636,2446852,2026-07-07T19:46:30+00:00,2026-07-07T19:31:00+00:00,0.9989999999999999,0.999,49,49,2361.5600000000004,unusual_change,past_only_reference,not_established,3321e417ce63,900
be72b06685e5b5f5fc53,507300,2025-04-09T20:55:30+00:00,2025-04-09T20:54:30+00:00,0.0964,0.096,3,3,25.0,supported_change,insufficient_history_size_only,not_established,3321e417ce63,30
9223d2ac7dfca8667dbf,507300,2025-04-30T19:26:30+00:00,2025-04-30T19:25:00+00:00,0.2494884049079755,0.249,2,2,163.0,supported_change,insufficient_history_size_only,not_established,3321e417ce63,60
3980cc1a3a02bc5999a3,507300,2025-04-30T19:27:00+00:00,2025-04-30T19:23:30+00:00,0.2495140182310914,0.25,15,15,811.8,supported_change,insufficient_history_size_only,not_established,3321e417ce63,180
e9ae76b93ff6d142cbf9,507300,2025-04-30T19:28:00+00:00,2025-04-30T19:26:30+00:00,0.264,0.264,2,2,100.0,supported_change,insufficient_history_size_only,not_established,3321e417ce63,"30,60"
81d3c8edefd1ddd188b2,507300,2025-05-06T20:11:00+00:00,2025-05-06T20:09:30+00:00,0.26398492462311557,0.255,10,7,199.0,supported_change,insufficient_history_size_only,not_established,3321e417ce63,60
cdb0fd7da31c07bfd065,507300,2025-05-06T20:24:00+00:00,2025-05-06T20:20:30+00:00,0.1963844824571329,0.195,5,3,8749.71,supported_change,insufficient_history_size_only,not_established,3321e417ce63,"30,180"
d46fb81d4f982a133812,507300,2025-05-06T20:24:30+00:00,2025-05-06T20:19:00+00:00,0.18000000000000002,0.17500000000000004,4,2,60.0,supported_change,insufficient_history_size_only,not_established,3321e417ce63,"30,60,300"
243ec9a3e24657c9ecf1,507300,2025-05-06T20:25:00+00:00,2025-05-06T20:23:30+00:00,0.1728279158699809,0.171,3,3,36.61,supported_change,insufficient_history_size_only,not_established,3321e417ce63,60
72acf6cd57642310e1e9,507300,2025-05-06T20:49:30+00:00,2025-05-06T20:48:30+00:00,0.04295796031981908,0.035,17,5,2759.06,supported_change,insufficient_history_size_only,not_established,3321e417ce63,30
6be9d33be74082970a82,507300,2025-05-06T20:50:00+00:00,2025-05-06T20:48:30+00:00,0.03400000000000003,0.03400000000000003,2,2,120.0,supported_change,insufficient_history_size_only,not_established,3321e417ce63,60
0be23ba7eb92e9cbcd8a,507300,2025-05-06T20:50:30+00:00,2025-05-06T20:49:00+00:00,0.024901975273554075,0.021,2,2,351.85,supported_change,insufficient_history_size_only,not_established,3321e417ce63,"30,60"
0fd52ba8cef2fa756e56,507300,2025-05-06T20:52:30+00:00,2025-05-06T20:49:00+00:00,0.01136470641753193,0.012,2,2,879.31,supported_change,insufficient_history_size_only,not_established,3321e417ce63,180
6c8b0269a27291426ee4,507300,2025-05-06T20:53:00+00:00,2025-05-06T20:52:00+00:00,0.024126422059820712,0.025000000000000022,3,2,265.46,supported_change,insufficient_history_size_only,not_established,3321e417ce63,30
92309810cefbae723da6,507300,2025-05-06T20:56:00+00:00,2025-05-06T20:52:30+00:00,0.169,0.169,2,2,48.730000000000004,supported_change,insufficient_history_size_only,not_established,3321e417ce63,180
bd0ed1af8779af6ffa87,507300,2025-05-06T21:03:30+00:00,2025-05-06T21:02:30+00:00,0.1557473340079396,0.14600000000000002,4,4,128.47,supported_change,insufficient_history_size_only,not_established,3321e417ce63,30
bcb22698845fc7a00371,507300,2025-05-06T21:04:00+00:00,2025-05-06T21:02:30+00:00,0.14499999999999996,0.145,2,2,80.0,supported_change,insufficient_history_size_only,not_established,3321e417ce63,60
804b4279443ed88bff3d,507300,2025-05-06T21:12:00+00:00,2025-05-06T21:11:00+00:00,0.24258344487076525,0.24,6,5,336.21,supported_change,insufficient_history_size_only,not_established,3321e417ce63,30
390e2593d5270ae192fe,507300,2025-05-06T21:12:30+00:00,2025-05-06T21:11:00+00:00,0.1729341539347478,0.17,5,4,555.69,supported_change,insufficient_history_size_only,not_established,3321e417ce63,"30,60"
9303e38cc7b8ed323f18,507300,2025-05-06T21:13:00+00:00,2025-05-06T21:11:30+00:00,0.3359070667957405,0.3,5,4,165.28,supported_change,insufficient_history_size_only,not_established,3321e417ce63,"30,60"
bcca3edd9b25ce624963,507300,2025-05-06T21:45:00+00:00,2025-05-06T21:44:00+00:00,0.3830545892707459,0.402,6,3,190.88000000000002,supported_change,insufficient_history_size_only,not_established,3321e417ce63,30
fdb46fbe97201afa8314,507300,2025-05-06T21:45:30+00:00,2025-05-06T21:44:00+00:00,0.40993446640316206,0.41000000000000003,2,2,253.0,supported_change,insufficient_history_size_only,not_established,3321e417ce63,60
4ae2d353c10dadea5a97,507300,2025-05-31T12:07:30+00:00,2025-05-31T12:06:00+00:00,0.39353829467207846,0.392,2,2,13230.3,supported_change,insufficient_history_size_only,not_established,3321e417ce63,60
9e0594d48708bf1ceba2,507300,2025-05-31T19:05:30+00:00,2025-05-31T19:00:00+00:00,0.41641669051087304,0.41700000000000004,12,12,3075.5199999999995,unusual_change,past_only_reference,not_established,3321e417ce63,"30,60,180,300"
e5e6a5d207a1d067145b,507300,2025-05-31T19:06:00+00:00,2025-05-31T19:00:30+00:00,0.4184741317250317,0.41800000000000004,13,13,1250.18,unusual_change,past_only_reference,not_established,3321e417ce63,"60,180,300"
acac936d784b9d7f1563,507300,2025-05-31T19:08:00+00:00,2025-05-31T19:02:30+00:00,0.41900000000000004,0.41900000000000004,2,2,495.34000000000003,unusual_change,past_only_reference,not_established,3321e417ce63,"180,300"
16779947819c991aaab9,507300,2025-05-31T19:08:30+00:00,2025-05-31T19:03:00+00:00,0.41547209350991,0.41900000000000004,5,4,669.02,unusual_change,past_only_reference,not_established,3321e417ce63,300
839e5410f72484085850,507300,2025-05-31T19:11:00+00:00,2025-05-31T19:05:30+00:00,0.3822745310680002,0.382,5,4,248.97,unusual_change,past_only_reference,not_established,3321e417ce63,"180,300"
8862b37bffd8a9119313,507300,2025-05-31T19:13:00+00:00,2025-05-31T19:07:30+00:00,0.3885223991258878,0.389,6,4,1025.04,unusual_change,past_only_reference,not_established,3321e417ce63,300
a7816b9175d39c0f7640,507300,2025-05-31T19:13:30+00:00,2025-05-31T19:08:00+00:00,0.3699647854984894,0.365,6,4,413.75,unusual_change,past_only_reference,not_established,3321e417ce63,"30,60,300"
5aaa098f39f4ea54d2b3,507300,2025-05-31T19:14:00+00:00,2025-05-31T19:12:30+00:00,0.37601086227705516,0.384,3,2,74.57,unusual_change,past_only_reference,not_established,3321e417ce63,"30,60"
fb8a31f367ef9a0abec8,507300,2025-05-31T19:14:30+00:00,2025-05-31T18:59:00+00:00,0.30097158570712573,0.302,22,7,63328.34000000001,unusual_change,past_only_reference,not_established,3321e417ce63,"30,60,900"
ab0dad298bb2d8161b2d,507300,2025-05-31T19:15:00+00:00,2025-05-31T18:59:30+00:00,0.24289250968575113,0.207,4,2,232.3,unusual_change,past_only_reference,not_established,3321e417ce63,"30,60,180,300,900"
c826a1e9b5e3c3795523,507300,2025-05-31T19:15:30+00:00,2025-05-31T19:00:00+00:00,0.24357436870017202,0.20799999999999996,9,7,284.73,unusual_change,past_only_reference,not_established,3321e417ce63,"60,180,900"
83d6fab2d3922add952d,507300,2025-05-31T19:17:00+00:00,2025-05-31T19:01:30+00:00,0.27999999999999997,0.28,10,10,242.31,unusual_change,past_only_reference,not_established,3321e417ce63,"180,300,900"
c88031d32eecbd47dd13,507300,2025-05-31T19:17:30+00:00,2025-05-31T19:02:00+00:00,0.24927638304269392,0.223,8,4,399.11999999999995,unusual_change,past_only_reference,not_established,3321e417ce63,"30,180,300,900"
ebd848fe3869d851e49e,507300,2025-05-31T19:18:00+00:00,2025-05-31T19:02:30+00:00,0.24950784053156147,0.231,6,2,301.0,unusual_change,past_only_reference,not_established,3321e417ce63,"60,180,300,900"
8df34e1ec49da87a925d,507300,2025-05-31T19:18:30+00:00,2025-05-31T19:03:00+00:00,0.27961910540915397,0.28,2,2,57.68,unusual_change,past_only_reference,not_established,3321e417ce63,"30,60,180,300,900"
b1133a1107e080f83f97,507300,2025-05-31T19:19:00+00:00,2025-05-31T19:03:30+00:00,0.20155438726024608,0.2,10,4,12704.169999999998,unusual_change,past_only_reference,not_established,3321e417ce63,"30,60,300,900"
add5a8f0a8338112544f,507300,2025-05-31T19:19:30+00:00,2025-05-31T19:04:00+00:00,0.19003563194298892,0.18500000000000005,6,5,190.84,unusual_change,past_only_reference,not_established,3321e417ce63,"30,60,300,900"
db78688037248e58b187,507300,2025-05-31T19:20:00+00:00,2025-05-31T19:04:30+00:00,0.24102261897758692,0.243,5,4,2039.88,unusual_change,past_only_reference,not_established,3321e417ce63,"30,60,180,300,900"
c7f9388571a4a0c15c94,507300,2025-05-31T19:22:00+00:00,2025-05-31T19:16:30+00:00,0.22199999999999998,0.22199999999999998,2,2,18.91,unusual_change,past_only_reference,not_established,3321e417ce63,"180,300"
c44f2421a80da5050930,507300,2025-05-31T19:22:30+00:00,2025-05-31T19:19:00+00:00,0.20719642168209873,0.22099999999999997,5,3,207.36,unusual_change,past_only_reference,not_established,3321e417ce63,180
00a40635893a534b8af3,507300,2025-05-31T19:23:00+00:00,2025-05-31T19:07:30+00:00,0.12596179861523552,0.126,18,11,60816.12000000001,unusual_change,past_only_reference,not_established,3321e417ce63,"30,60,180,300,900"
dc55b3d7b6a4941e6e0b,507300,2025-05-31T19:23:30+00:00,2025-05-31T19:08:00+00:00,0.11980590601114777,0.125,11,7,2396.8800000000006,unusual_change,past_only_reference,not_established,3321e417ce63,"60,300,900"
1413d00ce90cd92c6edf,507300,2025-05-31T19:24:30+00:00,2025-05-31T19:19:00+00:00,0.05683200532751024,0.05,5,2,1291.41,unusual_change,past_only_reference,not_established,3321e417ce63,"60,300"
85c93d34ed8747f03ec9,507300,2025-05-31T19:25:00+00:00,2025-05-31T19:09:30+00:00,0.0639768294124601,0.031,4,2,84.59,unusual_change,past_only_reference,not_established,3321e417ce63,"30,180,300,900"
875d54596e507d1ba0a9,507300,2025-05-31T19:25:30+00:00,2025-05-31T19:22:00+00:00,0.14279760887608633,0.15000000000000002,6,2,1638.56,unusual_change,past_only_reference,not_established,3321e417ce63,"30,60,180"
889a20018ec8e7883500,507300,2025-05-31T19:26:00+00:00,2025-05-31T19:10:30+00:00,0.09910749944530728,0.09199999999999997,4,2,90.13999999999999,unusual_change,past_only_reference,not_established,3321e417ce63,"30,60,180,900"
11019fa43c1c8173d348,507300,2025-05-31T19:26:30+00:00,2025-05-31T19:25:00+00:00,0.11522677126746751,0.119,4,2,163.16,unusual_change,past_only_reference,not_established,3321e417ce63,"30,60"
d33c027a55a9e552c19e,507300,2025-05-31T19:27:00+00:00,2025-05-31T19:11:30+00:00,0.11344112937988793,0.1,8,4,324.78,unusual_change,past_only_reference,not_established,3321e417ce63,"30,60,300,900"
69807a299c5dbb5b7c86,507300,2025-05-31T19:28:00+00:00,2025-05-31T19:12:30+00:00,0.10397811759808924,0.13,9,3,1009.0300000000001,unusual_change,past_only_reference,not_established,3321e417ce63,"60,180,900"
3695e821a703c478068b,507300,2025-05-31T19:28:30+00:00,2025-05-31T19:13:00+00:00,0.06738143744600324,0.07,3,2,1215.35,unusual_change,past_only_reference,not_established,3321e417ce63,"30,180,300,900"
92ed4f090277b2b351a5,507300,2025-05-31T19:29:30+00:00,2025-05-31T19:14:00+00:00,0.11799579860405232,0.119,5,4,295.14,unusual_change,past_only_reference,not_established,3321e417ce63,"60,300,900"
6ea27dfb9adc4f13a958,507300,2025-05-31T19:30:00+00:00,2025-05-31T19:14:30+00:00,0.10633870177610516,0.1,7,5,2633.29,unusual_change,past_only_reference,not_established,3321e417ce63,"30,300,900"
9d5d3a6d53152e2f536f,507300,2025-05-31T19:30:30+00:00,2025-05-31T19:15:00+00:00,0.12515685231539422,0.118,2,2,958.8000000000001,unusual_change,past_only_reference,not_established,3321e417ce63,"30,60,300,900"
73e0596375b22974415a,507300,2025-05-31T19:31:00+00:00,2025-05-31T19:25:30+00:00,0.06613558860874298,0.066,3,3,110.26,unusual_change,past_only_reference,not_established,3321e417ce63,"30,60,180,300"
302a3478e52f3ac4a6fa,507300,2025-05-31T19:31:30+00:00,2025-05-31T19:26:00+00:00,0.06446274309545087,0.06,5,4,1409.94,unusual_change,past_only_reference,not_established,3321e417ce63,"60,300"
895269960fd4473af285,507300,2025-05-31T19:32:00+00:00,2025-05-31T19:16:30+00:00,0.094362701903689,0.127,6,3,2787.22,unusual_change,past_only_reference,not_established,3321e417ce63,"30,60,300,900"
350f3869f0550070577f,507300,2025-05-31T19:33:00+00:00,2025-05-31T19:17:30+00:00,0.09275263509127975,0.066,7,2,2187.7799999999997,unusual_change,past_only_reference,not_established,3321e417ce63,"60,180,300,900"
0675548800697cce5005,507300,2025-05-31T19:34:30+00:00,2025-05-31T19:19:00+00:00,0.05388152812113722,0.053,3,2,258.88,unusual_change,past_only_reference,not_established,3321e417ce63,"300,900"
3ab207e4a1fdd33dc926,507300,2025-05-31T19:35:00+00:00,2025-05-31T19:19:30+00:00,0.07147140060320653,0.05600000000000005,5,4,377.98,unusual_change,past_only_reference,not_established,3321e417ce63,"180,300,900"
13154b58330c2d95c615,507300,2025-05-31T19:35:30+00:00,2025-05-31T19:30:00+00:00,0.08617956185508215,0.086,3,3,1315.09,unusual_change,past_only_reference,not_established,3321e417ce63,"30,60,300"
276088dbb07d1f6e7cac,507300,2025-05-31T19:37:00+00:00,2025-05-31T19:21:30+00:00,0.07053165614035088,0.07599999999999996,8,2,208.05,unusual_change,past_only_reference,not_established,3321e417ce63,"300,900"
c492eaec33af67cc09a5,507300,2025-05-31T19:37:30+00:00,2025-05-31T19:22:00+00:00,0.051190966499079546,0.05,6,2,11108.65,unusual_change,past_only_reference,not_established,3321e417ce63,"30,900"
649581b26009bea94d32,507300,2025-05-31T19:38:00+00:00,2025-05-31T19:22:30+00:00,0.07035760558013156,0.077,3,2,603.57,unusual_change,past_only_reference,not_established,3321e417ce63,"30,60,180,900"
3eacebc4fac4d1db97d0,507300,2025-05-31T19:38:30+00:00,2025-05-31T19:23:00+00:00,0.07799784993258262,0.079,5,5,823.23,supported_change,past_only_reference,not_established,3321e417ce63,"60,900"
a0caaef08239721f0afe,507300,2025-05-31T19:40:00+00:00,2025-05-31T19:24:30+00:00,0.07254712439827712,0.07299999999999995,3,3,1263.04,supported_change,past_only_reference,not_established,3321e417ce63,"180,900"
00e40d24212479c2f55b,507300,2025-05-31T19:40:30+00:00,2025-05-31T19:25:00+00:00,0.07201019595864223,0.07199999999999995,10,10,2160.6600000000003,supported_change,past_only_reference,not_established,3321e417ce63,"180,900"
c17ef7335f5136922eb2,507300,2025-05-31T19:41:30+00:00,2025-05-31T19:40:00+00:00,0.08280978735455855,0.082,12,6,1694.8400000000001,supported_change,past_only_reference,not_established,3321e417ce63,"30,60"
33a46394822d123d0e73,507300,2025-05-31T19:42:30+00:00,2025-05-31T19:37:00+00:00,0.08938041655863796,0.09,9,8,1157.1000000000001,supported_change,past_only_reference,not_established,3321e417ce63,"180,300"
65c16f97909cbcd5daba,507300,2025-05-31T19:44:30+00:00,2025-05-31T19:39:00+00:00,0.10158974027985748,0.103,6,5,387.34000000000003,supported_change,past_only_reference,not_established,3321e417ce63,"30,180,300"
0e13371d65ae44b5a232,507300,2025-05-31T19:45:00+00:00,2025-05-31T19:39:30+00:00,0.10863640783442144,0.10999999999999999,4,3,863.88,supported_change,past_only_reference,not_established,3321e417ce63,"60,300"
7e5e562e92e81701e680,507300,2025-05-31T19:45:30+00:00,2025-05-31T19:30:00+00:00,0.0665166907063357,0.067,5,4,2322.55,unusual_change,past_only_reference,not_established,3321e417ce63,"30,60,180,900"
5c986277a539fe4f68f5,507300,2025-05-31T19:46:00+00:00,2025-05-31T19:40:30+00:00,0.09950025203024361,0.096,8,4,892.75,unusual_change,past_only_reference,not_established,3321e417ce63,"30,60,300"
57ea6469a3d9444bdc37,507300,2025-05-31T19:46:30+00:00,2025-05-31T19:45:00+00:00,0.078099666992895,0.07,6,3,1573.54,supported_change,past_only_reference,not_established,3321e417ce63,"30,60"
5f171af6e40e0dcc32ec,507300,2025-05-31T19:47:30+00:00,2025-05-31T19:46:00+00:00,0.10031251514372774,0.1,4,2,1361.95,supported_change,past_only_reference,not_established,3321e417ce63,60
caf7a4bff61acc62878b,507300,2025-05-31T19:50:00+00:00,2025-05-31T19:44:30+00:00,0.07467726367133828,0.082,3,2,582.24,supported_change,past_only_reference,not_established,3321e417ce63,300
f4b3c8a4e195db9a2339,507300,2025-05-31T19:51:00+00:00,2025-05-31T19:49:30+00:00,0.11396890432517501,0.11499999999999999,2,2,184.26999999999998,supported_change,past_only_reference,not_established,3321e417ce63,"30,60"
cfa316ad5c4174f2e9fb,507300,2025-05-31T19:54:00+00:00,2025-05-31T19:50:30+00:00,0.08055880709390896,0.08099999999999996,3,3,340.01,supported_change,past_only_reference,not_established,3321e417ce63,180
127d3a04539e4f471d11,507300,2025-05-31T19:55:00+00:00,2025-05-31T19:53:30+00:00,0.07054280389814992,0.071,2,2,2151.79,supported_change,past_only_reference,not_established,3321e417ce63,60
39e971f8ef0524f9dc25,507300,2025-05-31T20:06:00+00:00,2025-05-31T19:50:30+00:00,0.07500408436914859,0.075,3,3,25923.22,supported_change,past_only_reference,not_established,3321e417ce63,900
55243df8addbdc499aea,507300,2025-05-31T20:08:00+00:00,2025-05-31T20:02:30+00:00,0.1874637517046561,0.189,2,2,821.2800000000001,unusual_change,past_only_reference,not_established,3321e417ce63,"30,60,180,300"
14fb26dce8685cd27272,507300,2025-05-31T20:08:30+00:00,2025-05-31T20:03:00+00:00,0.07015121561886052,0.07,2,2,651.52,unusual_change,past_only_reference,not_established,3321e417ce63,"30,60,180,300"
433d31002b2dcfaea399,507300,2025-05-31T20:09:00+00:00,2025-05-31T20:03:30+00:00,0.06299999999999999,0.063,2,2,93.14,unusual_change,past_only_reference,not_established,3321e417ce63,"60,180,300"
631041fd281d08f3149c,507300,2025-05-31T20:09:30+00:00,2025-05-31T20:04:00+00:00,0.067,0.067,2,2,208.0,supported_change,past_only_reference,not_established,3321e417ce63,"180,300"
1285110010527b3aa495,507300,2025-05-31T20:10:00+00:00,2025-05-31T20:04:30+00:00,0.07978243644109972,0.06899999999999995,6,5,502.29,supported_change,past_only_reference,not_established,3321e417ce63,"180,300"
a64a215e75c5f5b1b227,507300,2025-05-31T20:13:00+00:00,2025-05-31T20:07:30+00:00,0.0648032398062172,0.065,9,9,396.32,unusual_change,past_only_reference,not_established,3321e417ce63,300
6e3ad8a737a846547fd5,507300,2025-05-31T20:16:00+00:00,2025-05-31T20:14:30+00:00,0.07999999999999999,0.08,3,3,439.88,supported_change,past_only_reference,not_established,3321e417ce63,"30,60"
4a1aeea63c4dbe6424d3,507300,2025-05-31T20:23:00+00:00,2025-05-31T20:07:30+00:00,0.04572831550742931,0.041000000000000036,3,2,451.59,supported_change,past_only_reference,not_established,3321e417ce63,"60,300,900"
22aefc50943e0e075adf,507300,2025-05-31T20:25:00+00:00,2025-05-31T20:09:30+00:00,0.012927036576770412,0.013,8,8,2156.56,unusual_change,past_only_reference,not_established,3321e417ce63,"30,60,180,900"
bd665cca65caaeb78dc8,507300,2025-05-31T20:25:30+00:00,2025-05-31T20:20:00+00:00,0.009083864962734988,0.01,8,7,13247.009999999998,unusual_change,past_only_reference,not_established,3321e417ce63,"60,300"
d55fe03f3175c0b261d5,507300,2025-05-31T20:26:00+00:00,2025-05-31T20:22:30+00:00,0.003048474106041925,0.003,4,4,519.04,unusual_change,past_only_reference,not_established,3321e417ce63,"30,60,180"
17708a2ab19a86157d6f,507300,2025-05-31T20:27:00+00:00,2025-05-31T20:21:30+00:00,0.007899786445953934,0.009,10,9,3315.3199999999997,unusual_change,past_only_reference,not_established,3321e417ce63,"60,180,300"
b979d08b2d4672ddb8c8,507300,2025-05-31T20:27:30+00:00,2025-05-31T20:24:00+00:00,0.008019363529701467,0.008000000000000007,7,7,3451.85,unusual_change,past_only_reference,not_established,3321e417ce63,180
9419affeca04425c16f7,507300,2025-05-31T20:28:00+00:00,2025-05-31T20:12:30+00:00,0.006133116087877917,0.006,2,2,1878.06,unusual_change,past_only_reference,not_established,3321e417ce63,"60,180,300,900"
22b1460bc0e12d1d8bce,507300,2025-05-31T20:29:00+00:00,2025-05-31T20:13:30+00:00,0.005925805675805679,0.005,2,2,166.32,unusual_change,past_only_reference,not_established,3321e417ce63,"300,900"
a19f6deb9c71c94544b5,507300,2025-05-31T20:29:30+00:00,2025-05-31T20:24:00+00:00,0.0058824760511136465,0.006,5,5,2350.8399999999997,unusual_change,past_only_reference,not_established,3321e417ce63,300
eb40a5229809095730cb,507300,2025-05-31T20:30:00+00:00,2025-05-31T20:14:30+00:00,0.008386669140928548,0.009,6,6,1724.4199999999998,unusual_change,past_only_reference,not_established,3321e417ce63,"30,60,900"
ca77289811538e7d76aa,507300,2025-05-31T20:30:30+00:00,2025-05-31T20:15:00+00:00,0.005290512166105728,0.005,4,4,3933.88,unusual_change,past_only_reference,not_established,3321e417ce63,"30,900"
35d0cd74854c9eae002e,507300,2025-05-31T20:31:00+00:00,2025-05-31T20:15:30+00:00,0.0070436011195966885,0.006,2,2,1868.53,unusual_change,past_only_reference,not_established,3321e417ce63,"60,900"
10cd2baf82fcb9fcb4d2,507300,2025-05-31T20:33:00+00:00,2025-05-31T20:17:30+00:00,0.004942910943020548,0.005,2,2,98900.39,unusual_change,past_only_reference,not_established,3321e417ce63,900
4918bf6296f1df8b5168,507300,2025-05-31T20:34:00+00:00,2025-05-31T20:28:30+00:00,0.001312305670778954,0.001,4,4,14170.54,unusual_change,past_only_reference,not_established,3321e417ce63,"30,60,180,300"
e4a149aee8e4ced514a4,507300,2025-05-31T20:34:30+00:00,2025-05-31T20:29:00+00:00,0.0010000000000000009,0.0010000000000000009,2,2,1100.0,unusual_change,past_only_reference,not_established,3321e417ce63,"60,180,300"
2cbfd101ded891db9d1a,507300,2025-05-31T20:38:00+00:00,2025-05-31T20:22:30+00:00,0.001,0.001,2,2,1880.54,unusual_change,past_only_reference,not_established,3321e417ce63,900
